Origin,Destination,Reach TP1,Reach TP2,Reach TP3,Reach TP4,Reach TP5,Reach TP6,Reach TP7,Reach TP8,Reach TP9,Reach TP10,Reach TP11,Reach TP12,Reach TP13,Reach TP14,Reach TP15,Reach TP16,Reach TP17,Reach TP18,Reach TP19,Reach TP20,Reach TP21,Reach TP22,Reach TP23,Reach TP24,Reach TP25,Reach TP26,Reach TP27,Reach TP28,Reach TP29,Reach TP30,Reach TP31,Reach TP32,Reach TP33,Reach TP34,Reach TP35,Reach TP36,Reach TP37,Reach TP38,Reach TP39
Banda_Aceh_Port,Medan_Air_Base,0.3987355970464179,0.3039503785771671,0.6667966750899333,0.3175012758022167,0.5466591873184339,0.5168355815007462,0.7014957670459773,0.7758103754385082,0.38294247061698705,0.32898953307343526,0.44400026483410837,0.7624479791658889,0.3003321810825056,0.5607621598703147,0.6403089930775333,0.13965116441205072,0.5761493659518794,0.7231914819890278,0.7533731248426154,0.16171150354331848,0.7676343512077796,0.3434991716154897,0.14579119462209836,0.32039149601277095,0.6120565618198393,0.3626143618861797,0.5862313456426069,0.6515240667607921,0.5173826156789895,0.13014934654105828,0.0,0.0,0.0,0.0,0.0,0.0,0.0,0.0,0.0
Banda_Aceh_Port,Phase_I__II_Recon_Deep_Staging_Location,0.7491925534431202,0.12126422141293143,0.19323806022981255,0.10407901472559627,0.5436951434222769,0.6039513177449132,0.7586438476741574,0.459949268504787,0.4555196844847854,0.5724865352308866,0.3596335161192681,0.17679545085349346,0.6492786643677567,0.26687503403011476,0.11299560854122627,0.7480832901999943,0.3427732252567294,0.7849224448398067,0.36115581232076455,0.304655385057079,0.5474759546197072,0.4701763238621264,0.11369368985812811,0.5805105381121409,0.28776956776515594,0.34935174569320604,0.26465337861586347,0.7099875986952834,0.32883297978516834,0.26980156985135584,0.0,0.0,0.0,0.0,0.0,0.0,0.0,0.0,0.0
Banda_Aceh_Port,Phase_I_128_Staging_Location,0.0,0.0,0.0,0.0,0.0,0.0,0.0,0.0,0.0,0.0,0.0,0.0,0.0,0.0,0.0,0.0,0.0,0.0,0.0,0.0,0.0,0.0,0.0,0.0,0.0,0.0,0.0,0.0,0.0,0.0,0.0,0.0,0.0,0.0,0.0,0.0,0.0,0.0,0.0
Banda_Aceh_Port,Phase_I_313_Staging_Location,0.0,0.0,0.0,0.0,0.0,0.0,0.0,0.0,0.0,0.0,0.0,0.0,0.0,0.0,0.0,0.0,0.0,0.0,0.0,0.0,0.0,0.0,0.0,0.0,0.0,0.0,0.0,0.0,0.0,0.0,0.0,0.0,0.0,0.0,0.0,0.0,0.0,0.0,0.0
Banda_Aceh_Port,Phase_I_328_Staging_Location,0.0,0.0,0.0,0.0,0.0,0.0,0.0,0.0,0.0,0.0,0.0,0.0,0.0,0.0,0.0,0.0,0.0,0.0,0.0,0.0,0.0,0.0,0.0,0.0,0.0,0.0,0.0,0.0,0.0,0.0,0.0,0.0,0.0,0.0,0.0,0.0,0.0,0.0,0.0
Banda_Aceh_Port,Phase_II_D1_128__328_Supporting_Position,0.40609959997324097,0.7683627065604046,0.3674294987344856,0.1270785062335381,0.7538649123916501,0.7599948193612225,0.2614123613283995,0.1955407024127029,0.3080620931950233,0.5083916853082672,0.5559245084696718,0.1654933167757232,0.3843658746630144,0.6648267531330441,0.4996465866622345,0.16269245207228025,0.6503846755888345,0.3994202267502158,0.16938560684265244,0.32181380464066517,0.41513614544348265,0.3082726413606276,0.22296344163762716,0.21477263204036912,0.6462310129160799,0.22729349957079012,0.5614202363545894,0.7231147232919946,0.6375290145947349,0.7467030173788765,0.7127936354227604,0.6831810299971175,0.45741782991600977,0.3740506779928663,0.6589021050926961,0.5678881987548854,0.5112752240247739,0.1381386307106718,0.18357535941147818
Banda_Aceh_Port,Phase_II_D1_PAA_3,0.17655339847538817,0.3366174310495148,0.4585623730423348,0.46393829376210793,0.4435342314630465,0.6800501808890005,0.7219187130052591,0.4943472272673932,0.20942377649032207,0.65188445714743,0.3099691332451361,0.21296596969990295,0.2769839020080841,0.23838431445075323,0.1762701002330125,0.4267184710489371,0.7838651584600219,0.6254295964170462,0.2360961027919615,0.49452892775363133,0.24986970676792863,0.705726214367745,0.4913520524714604,0.17492602955288122,0.6361232576629323,0.4430194595364719,0.737422724371164,0.6583416353896439,0.10104308923529551,0.21518984379845693,0.45922331565400576,0.634130133031431,0.6007871360098105,0.162002584628048,0.3751612189187008,0.19051987987729818,0.10559591995093112,0.6114515665000851,0.3633349728166281
Banda_Aceh_Port,Phase_II_D2_PAA4,0.6589381301826852,0.5302369822358906,0.18259656025163828,0.40487180094944764,0.43802160256467315,0.11640486975006872,0.4171570521764367,0.6568960295280714,0.45722324849901963,0.33205897743222806,0.3835783992694971,0.5373655633586834,0.5814040967912065,0.25321524318067534,0.6864605581003722,0.23126743915517364,0.14996588500771627,0.7333856572475919,0.6805055991367002,0.6443341913708452,0.3998744194882964,0.32554592537884697,0.6183549936317286,0.27249890210315597,0.6887032417878078,0.355059352737327,0.35762767602183587,0.4773304332763181,0.36228520689650456,0.3899769226687275,0.5678045825901806,0.601753391977087,0.6263935933094612,0.33136036930559265,0.7452811105639252,0.3442694505055252,0.5105633497227314,0.36926573983138133,0.28268624496916145
Banda_Aceh_Port,Phase_II_D3_PAA5,0.6321475191947092,0.6217163313823822,0.3498217349764452,0.3875362307052834,0.753987482252357,0.17337318935899868,0.6016264134903546,0.4269375928825325,0.6233240241614558,0.6348979225545744,0.33066558472027496,0.23644829478419652,0.5346473122937002,0.2693793523524657,0.17681285540681713,0.12971007407397014,0.7948818061604702,0.4140907162295845,0.7558238767966421,0.41026356466896374,0.33841697752990596,0.14931949327032593,0.7797834060501867,0.32167083741022007,0.6670463735221894,0.29851800603874695,0.48398132253291504,0.13098888777961293,0.4994259832368122,0.48524848497273776,0.5218080527935923,0.6243375312299324,0.7347543765561664,0.7176737191537053,0.468875738363262,0.7391790031669345,0.6740152308587428,0.11370089146135862,0.41222085485604276
Banda_Aceh_Port,Phase_II_D-Day_128_Support_Area,0.0,0.0,0.0,0.0,0.0,0.0,0.0,0.0,0.0,0.0,0.0,0.0,0.0,0.0,0.0,0.0,0.0,0.0,0.0,0.0,0.0,0.0,0.0,0.0,0.0,0.0,0.0,0.0,0.0,0.0,0.0,0.0,0.0,0.0,0.0,0.0,0.0,0.0,0.0
Banda_Aceh_Port,Phase_II_Farp_2A,0.0,0.0,0.0,0.0,0.0,0.0,0.0,0.0,0.0,0.0,0.0,0.0,0.0,0.0,0.0,0.0,0.0,0.0,0.0,0.0,0.0,0.0,0.0,0.0,0.0,0.0,0.0,0.0,0.0,0.0,0.0,0.0,0.0,0.0,0.0,0.0,0.0,0.0,0.0
Banda_Aceh_Port,Phase_II_PAA2,0.0,0.0,0.0,0.0,0.0,0.0,0.0,0.0,0.0,0.0,0.0,0.0,0.0,0.0,0.0,0.0,0.0,0.0,0.0,0.0,0.0,0.0,0.0,0.0,0.0,0.0,0.0,0.0,0.0,0.0,0.0,0.0,0.0,0.0,0.0,0.0,0.0,0.0,0.0
Banda_Aceh_Port,Port_of_Belawan,0.0,0.0,0.0,0.0,0.0,0.0,0.0,0.0,0.0,0.0,0.0,0.0,0.0,0.0,0.0,0.0,0.0,0.0,0.0,0.0,0.0,0.0,0.0,0.0,0.0,0.0,0.0,0.0,0.0,0.0,0.0,0.0,0.0,0.0,0.0,0.0,0.0,0.0,0.0
Banda_Aceh_Port,Sultan_Iskandar_Muda_Airport,0.0,0.0,0.0,0.0,0.0,0.0,0.0,0.0,0.0,0.0,0.0,0.0,0.0,0.0,0.0,0.0,0.0,0.0,0.0,0.0,0.0,0.0,0.0,0.0,0.0,0.0,0.0,0.0,0.0,0.0,0.0,0.0,0.0,0.0,0.0,0.0,0.0,0.0,0.0
Medan_Air_Base,Banda_Aceh_Port,0.0,0.0,0.0,0.0,0.0,0.0,0.0,0.0,0.0,0.0,0.0,0.0,0.0,0.0,0.0,0.0,0.0,0.0,0.0,0.0,0.0,0.0,0.0,0.0,0.0,0.0,0.0,0.0,0.0,0.0,0.0,0.0,0.0,0.0,0.0,0.0,0.0,0.0,0.0
Medan_Air_Base,Pekanbaru_Air_Base,0.0,0.0,0.0,0.0,0.0,0.0,0.0,0.0,0.0,0.0,0.0,0.0,0.0,0.0,0.0,0.0,0.0,0.0,0.0,0.0,0.0,0.0,0.0,0.0,0.0,0.0,0.0,0.0,0.0,0.0,0.0,0.0,0.0,0.0,0.0,0.0,0.0,0.0,0.0
Medan_Air_Base,Phase_I__II_Recon_Deep_Staging_Location,0.36102110606271487,0.365665646886453,0.3434138884894264,0.7625090703580157,0.46789043586611134,0.3508131873339799,0.10850269332790985,0.2088840096352517,0.729615802167364,0.6606195041615817,0.27090306815050325,0.7666856739991257,0.2431068551042949,0.35376423905685717,0.6554219640734694,0.6209899670495285,0.5664637077910052,0.36912052156955644,0.5267564611003407,0.5248434452600471,0.21476331885187028,0.30183548118083203,0.1267998842939553,0.45656499763405534,0.10849364110332099,0.18414032373343203,0.6670116315449306,0.4635448130290315,0.5930567346598189,0.7558969685503489,0.0,0.0,0.0,0.0,0.0,0.0,0.0,0.0,0.0
Medan_Air_Base,Phase_I_128_Staging_Location,0.0,0.0,0.0,0.0,0.0,0.0,0.0,0.0,0.0,0.0,0.0,0.0,0.0,0.0,0.0,0.0,0.0,0.0,0.0,0.0,0.0,0.0,0.0,0.0,0.0,0.0,0.0,0.0,0.0,0.0,0.0,0.0,0.0,0.0,0.0,0.0,0.0,0.0,0.0
Medan_Air_Base,Phase_I_313_Staging_Location,0.0,0.0,0.0,0.0,0.0,0.0,0.0,0.0,0.0,0.0,0.0,0.0,0.0,0.0,0.0,0.0,0.0,0.0,0.0,0.0,0.0,0.0,0.0,0.0,0.0,0.0,0.0,0.0,0.0,0.0,0.0,0.0,0.0,0.0,0.0,0.0,0.0,0.0,0.0
Medan_Air_Base,Phase_I_328_Staging_Location,0.0,0.0,0.0,0.0,0.0,0.0,0.0,0.0,0.0,0.0,0.0,0.0,0.0,0.0,0.0,0.0,0.0,0.0,0.0,0.0,0.0,0.0,0.0,0.0,0.0,0.0,0.0,0.0,0.0,0.0,0.0,0.0,0.0,0.0,0.0,0.0,0.0,0.0,0.0
Medan_Air_Base,Phase_II_D1_128__328_Supporting_Position,0.6933256719776306,0.4179063346995753,0.4464343736342328,0.7334109370202341,0.6188156032525735,0.6569139867362406,0.1401101646916943,0.5902049904771788,0.3654544254978107,0.4753936436633893,0.4097272732215401,0.24475523914579742,0.7691934794924385,0.7122434309974897,0.3348643530342832,0.33685591850037194,0.7335572298419372,0.6203602073123472,0.2406573801344394,0.13363199147096044,0.4789355563785078,0.3328810629271487,0.6671327652091348,0.6024706839216151,0.6097031197740999,0.5601326437353384,0.42267646709429596,0.780057500935055,0.11694913951901934,0.7712294880110294,0.18335195932491272,0.2260408898213733,0.6653599358095849,0.7658929140248052,0.7325392946340561,0.6011620436123757,0.12097767544431266,0.17835166610981484,0.3538873210050445
Medan_Air_Base,Phase_II_D1_PAA_3,0.12358128618553364,0.5202850222708374,0.27627692011043203,0.7503116953860658,0.5220828598385688,0.2532542867354641,0.35158354420509286,0.4670984927623233,0.41500465105143736,0.7574361174159718,0.7990705588297716,0.7278008882429804,0.7187182864207479,0.21557154160742564,0.39995100145851725,0.25714393589436946,0.6992739467631702,0.34747585839297135,0.2970032137946906,0.798706583330202,0.5759466860640386,0.13893206968690558,0.27429928467161435,0.5047220959182511,0.16350525091041476,0.3408098059293175,0.17106795148148204,0.4457610719704531,0.7038496753931112,0.1286427981793708,0.19252550810176688,0.20786292117833888,0.20829150165889038,0.37355504920742155,0.5306153102038992,0.6270037654613791,0.7092274642805447,0.5517590491823383,0.39931469493159955
Medan_Air_Base,Phase_II_D2_PAA4,0.11635240909910102,0.5233863938583783,0.11486385541829208,0.6766579839071659,0.6083868890894248,0.4425403487856441,0.19712004535194833,0.7982272385909629,0.6443584088159247,0.6001738925155579,0.4649385627998798,0.32378323691839134,0.5628695787380572,0.33908677481007865,0.11616642645405131,0.2140857270858713,0.31700837517946273,0.10307162102177847,0.2382055539602837,0.7044881318630541,0.5184217225041442,0.3189435907130504,0.5089429478465339,0.2510890998805472,0.14849208814599754,0.6595298149943539,0.6111936263124017,0.18442715094272855,0.447963751399562,0.49137564119274635,0.10174061523975232,0.7195263762313231,0.44635520269987594,0.24011191887388483,0.26595360621363967,0.6562056366430176,0.28278412589616725,0.5601005298813074,0.3886345262179064
Medan_Air_Base,Phase_II_D3_PAA5,0.27794772513571264,0.3364611579748592,0.6849311801916625,0.31783330554674205,0.39154864332894224,0.5541974695100715,0.12036908355123481,0.4476068353295468,0.7691299610548611,0.45024394828940306,0.265332389200644,0.4928737598336388,0.5719952460123201,0.4098272344856162,0.49356720870115967,0.4316487583513111,0.3214016151309043,0.6326844162556896,0.16473723466524492,0.3651082401211856,0.6284425046471344,0.3685071183636879,0.7519964666039186,0.26956892082790196,0.31177447307093886,0.5704204182951959,0.42841109756840934,0.22217246630997833,0.25100296036480124,0.16093537971463964,0.41032181390476885,0.3110941253851376,0.49060963929060375,0.2669393843413391,0.18820239528144705,0.15151158215817553,0.30594641792347266,0.21764141577988655,0.7653208708107987
Medan_Air_Base,Phase_II_D-Day_128_Support_Area,0.0,0.0,0.0,0.0,0.0,0.0,0.0,0.0,0.0,0.0,0.0,0.0,0.0,0.0,0.0,0.0,0.0,0.0,0.0,0.0,0.0,0.0,0.0,0.0,0.0,0.0,0.0,0.0,0.0,0.0,0.0,0.0,0.0,0.0,0.0,0.0,0.0,0.0,0.0
Medan_Air_Base,Phase_II_Farp_2A,0.0,0.0,0.0,0.0,0.0,0.0,0.0,0.0,0.0,0.0,0.0,0.0,0.0,0.0,0.0,0.0,0.0,0.0,0.0,0.0,0.0,0.0,0.0,0.0,0.0,0.0,0.0,0.0,0.0,0.0,0.0,0.0,0.0,0.0,0.0,0.0,0.0,0.0,0.0
Medan_Air_Base,Phase_II_PAA2,0.0,0.0,0.0,0.0,0.0,0.0,0.0,0.0,0.0,0.0,0.0,0.0,0.0,0.0,0.0,0.0,0.0,0.0,0.0,0.0,0.0,0.0,0.0,0.0,0.0,0.0,0.0,0.0,0.0,0.0,0.0,0.0,0.0,0.0,0.0,0.0,0.0,0.0,0.0
Medan_Air_Base,Port_Teluk_Bayar,0.0,0.0,0.0,0.0,0.0,0.0,0.0,0.0,0.0,0.0,0.0,0.0,0.0,0.0,0.0,0.0,0.0,0.0,0.0,0.0,0.0,0.0,0.0,0.0,0.0,0.0,0.0,0.0,0.0,0.0,0.0,0.0,0.0,0.0,0.0,0.0,0.0,0.0,0.0
Medan_Air_Base,Port_of_Belawan,0.0,0.0,0.0,0.0,0.0,0.0,0.0,0.0,0.0,0.0,0.0,0.0,0.0,0.0,0.0,0.0,0.0,0.0,0.0,0.0,0.0,0.0,0.0,0.0,0.0,0.0,0.0,0.0,0.0,0.0,0.0,0.0,0.0,0.0,0.0,0.0,0.0,0.0,0.0
Medan_Air_Base,Sultan_Iskandar_Muda_Airport,0.0,0.0,0.0,0.0,0.0,0.0,0.0,0.0,0.0,0.0,0.0,0.0,0.0,0.0,0.0,0.0,0.0,0.0,0.0,0.0,0.0,0.0,0.0,0.0,0.0,0.0,0.0,0.0,0.0,0.0,0.0,0.0,0.0,0.0,0.0,0.0,0.0,0.0,0.0
Pekanbaru_Air_Base,Medan_Air_Base,0.18348629994548074,0.5191660175230893,0.32214282100257696,0.7903525948524825,0.6745091769364481,0.7567360694637641,0.1140735154009831,0.4884924925480365,0.19314531239906968,0.18376957013368966,0.2605677016818723,0.4733363974324305,0.7493717384072115,0.16956278174042017,0.3448104911499905,0.6465071841688625,0.32576056742973525,0.256410124669308,0.11933879666651048,0.6549623950543658,0.4557637367506605,0.4985729619746384,0.4664964040272236,0.4353699511055409,0.3058949939951401,0.7256578858924461,0.41966639433245734,0.6361489042506274,0.5827483601870344,0.709591953231248,0.0,0.0,0.0,0.0,0.0,0.0,0.0,0.0,0.0
Pekanbaru_Air_Base,Phase_I__II_Recon_Deep_Staging_Location,0.29732967951062617,0.47586350245134657,0.5701849808074062,0.7574135275231759,0.593702982532126,0.2576124141493176,0.6843993126145065,0.7028611317848973,0.7373560294801539,0.5136668559337259,0.6993620622099352,0.36771439421929786,0.3640335139129933,0.16980833250822872,0.4124954977636198,0.2241283249715253,0.3923162976918376,0.31025452979776713,0.4311350655993661,0.16336234652613607,0.5713804004969345,0.5265486988407606,0.3659275553414728,0.4319372991698561,0.5844276190445761,0.26999437119786773,0.6772977519828672,0.5122993087726107,0.6004856468553429,0.7004246700252428,0.0,0.0,0.0,0.0,0.0,0.0,0.0,0.0,0.0
Pekanbaru_Air_Base,Phase_I_328_Staging_Location,0.0,0.0,0.0,0.0,0.0,0.0,0.0,0.0,0.0,0.0,0.0,0.0,0.0,0.0,0.0,0.0,0.0,0.0,0.0,0.0,0.0,0.0,0.0,0.0,0.0,0.0,0.0,0.0,0.0,0.0,0.0,0.0,0.0,0.0,0.0,0.0,0.0,0.0,0.0
Pekanbaru_Air_Base,Phase_II_D1_128__328_Supporting_Position,0.4442774039553641,0.4735754638307186,0.5874361592997778,0.4034657713801899,0.4426641290226072,0.36192296849593475,0.34461673023921846,0.4500561523614023,0.5716080647632815,0.324895903054945,0.6470885261535689,0.45114780996500603,0.7194506454248036,0.724889398819801,0.5058659868885111,0.1472471202024719,0.4198171411079429,0.487630523110705,0.18477125048989626,0.5440817372431338,0.24784102506771985,0.5926011608382427,0.4005228329553665,0.6380058723152151,0.45175296526622244,0.1937901570086169,0.5861176272000738,0.5344529453939312,0.24098847042125857,0.4513611073836524,0.7934171757861588,0.33029154126313676,0.6452815169358418,0.31078724869360386,0.21237846679145386,0.5842247510267483,0.7761560733993035,0.7848520449501108,0.4073231033086768
Pekanbaru_Air_Base,Phase_II_D1_PAA_3,0.47928776545425966,0.7962544966244379,0.11494627568602452,0.511576973166553,0.11611030792284001,0.6899487232759588,0.7678619716461254,0.4667133103716943,0.7235557372385358,0.2951640503372749,0.2595601970725195,0.5001994296530002,0.6936741452019296,0.7659591299036875,0.7273099142147984,0.33302636097636007,0.6639685748525591,0.7965874449575093,0.4257848242744252,0.7391767015221594,0.1300065101695337,0.25396266889527985,0.20714332794732404,0.5381177504249826,0.7024183545957442,0.15752855346548486,0.6422517212262919,0.6772167303075302,0.5960061733857459,0.6232194587987143,0.6534733490876867,0.1404476895228622,0.317864189750624,0.17806092495115744,0.299585348264297,0.6075997722201654,0.244882184108519,0.3811452932161705,0.4172207414316734
Pekanbaru_Air_Base,Phase_II_D2_PAA4,0.6574044647058565,0.25288128238035135,0.6318725391869477,0.7104603012212454,0.7548461853793124,0.7646495159941943,0.3200493089167299,0.5064658985940712,0.5023817433297496,0.46714462584948624,0.7822801920638959,0.40264967659490813,0.3138276445341056,0.2516458369073281,0.5692459464634673,0.5247740084909501,0.17788730734412894,0.18368700580979647,0.56391775475585,0.6200884648498702,0.5588200528036347,0.3175393269121325,0.7695644692177938,0.716263484735086,0.2294537946449439,0.1713517813326494,0.6711189610835623,0.7003409277503003,0.483145797145225,0.3857423841288661,0.15668959511571542,0.5913437002107141,0.1918188220885555,0.30071405890583003,0.15155232985170028,0.7302049435036013,0.5041821878525389,0.4081369382515083,0.5735640475477081
Pekanbaru_Air_Base,Phase_II_D3_PAA5,0.7591247246284447,0.13443721690192015,0.1399364560202896,0.17665825335140717,0.7696838057835126,0.6320646579777477,0.5748901058194226,0.46800083312279284,0.14774089140674937,0.19610672476997482,0.7858911549352668,0.2747927108667201,0.1879877742904159,0.4657736943208852,0.45519184095882215,0.382732409646101,0.20935094909212443,0.7839259931791752,0.3368814571689892,0.6195201525206065,0.7727652970258597,0.38582852038629334,0.7128830932295168,0.7079145734492008,0.6270512377711576,0.25486328869652836,0.48117600445174336,0.7808230566317088,0.39929424359747434,0.18653031601669118,0.5405911704897879,0.2581232016421212,0.10486726898096638,0.7659181662976934,0.38904262478408536,0.7517328124546578,0.567041792764659,0.4853554019603691,0.5617422451580866
Pekanbaru_Air_Base,Phase_II_D-Day_128_Support_Area,0.0,0.0,0.0,0.0,0.0,0.0,0.0,0.0,0.0,0.0,0.0,0.0,0.0,0.0,0.0,0.0,0.0,0.0,0.0,0.0,0.0,0.0,0.0,0.0,0.0,0.0,0.0,0.0,0.0,0.0,0.0,0.0,0.0,0.0,0.0,0.0,0.0,0.0,0.0
Pekanbaru_Air_Base,Phase_II_Farp_2A,0.0,0.0,0.0,0.0,0.0,0.0,0.0,0.0,0.0,0.0,0.0,0.0,0.0,0.0,0.0,0.0,0.0,0.0,0.0,0.0,0.0,0.0,0.0,0.0,0.0,0.0,0.0,0.0,0.0,0.0,0.0,0.0,0.0,0.0,0.0,0.0,0.0,0.0,0.0
Pekanbaru_Air_Base,Phase_II_PAA2,0.0,0.0,0.0,0.0,0.0,0.0,0.0,0.0,0.0,0.0,0.0,0.0,0.0,0.0,0.0,0.0,0.0,0.0,0.0,0.0,0.0,0.0,0.0,0.0,0.0,0.0,0.0,0.0,0.0,0.0,0.0,0.0,0.0,0.0,0.0,0.0,0.0,0.0,0.0
Pekanbaru_Air_Base,Port_Teluk_Bayar,0.0,0.0,0.0,0.0,0.0,0.0,0.0,0.0,0.0,0.0,0.0,0.0,0.0,0.0,0.0,0.0,0.0,0.0,0.0,0.0,0.0,0.0,0.0,0.0,0.0,0.0,0.0,0.0,0.0,0.0,0.0,0.0,0.0,0.0,0.0,0.0,0.0,0.0,0.0
Pekanbaru_Air_Base,Port_of_Belawan,0.0,0.0,0.0,0.0,0.0,0.0,0.0,0.0,0.0,0.0,0.0,0.0,0.0,0.0,0.0,0.0,0.0,0.0,0.0,0.0,0.0,0.0,0.0,0.0,0.0,0.0,0.0,0.0,0.0,0.0,0.0,0.0,0.0,0.0,0.0,0.0,0.0,0.0,0.0
Pekanbaru_Air_Base,Sultan_Iskandar_Muda_Airport,0.0,0.0,0.0,0.0,0.0,0.0,0.0,0.0,0.0,0.0,0.0,0.0,0.0,0.0,0.0,0.0,0.0,0.0,0.0,0.0,0.0,0.0,0.0,0.0,0.0,0.0,0.0,0.0,0.0,0.0,0.0,0.0,0.0,0.0,0.0,0.0,0.0,0.0,0.0
Phase_I__II_Recon_Deep_Staging_Location,Banda_Aceh_Port,0.0,0.0,0.0,0.0,0.0,0.0,0.0,0.0,0.0,0.0,0.0,0.0,0.0,0.0,0.0,0.0,0.0,0.0,0.0,0.0,0.0,0.0,0.0,0.0,0.0,0.0,0.0,0.0,0.0,0.0,0.0,0.0,0.0,0.0,0.0,0.0,0.0,0.0,0.0
Phase_I__II_Recon_Deep_Staging_Location,Medan_Air_Base,0.2546516214843681,0.16510592049083625,0.6063952327190131,0.32686336387966175,0.5623494264298519,0.5717930071787353,0.4304005993073968,0.5536732537952951,0.3725910632965669,0.574835732024863,0.5954412727888991,0.46162119700351034,0.705395513530006,0.20272949276924446,0.10771113024831046,0.3689748372604875,0.2986291028653064,0.15695046184840275,0.15854797003648607,0.16144621924753805,0.40058301820468034,0.4169250777918746,0.2694097118236901,0.38104837408560044,0.6124665018226301,0.7791915009388022,0.3462426912704335,0.6673452615071404,0.43800231140766166,0.6883372129624812,0.0,0.0,0.0,0.0,0.0,0.0,0.0,0.0,0.0
Phase_I__II_Recon_Deep_Staging_Location,Pekanbaru_Air_Base,0.0,0.0,0.0,0.0,0.0,0.0,0.0,0.0,0.0,0.0,0.0,0.0,0.0,0.0,0.0,0.0,0.0,0.0,0.0,0.0,0.0,0.0,0.0,0.0,0.0,0.0,0.0,0.0,0.0,0.0,0.0,0.0,0.0,0.0,0.0,0.0,0.0,0.0,0.0
Phase_I__II_Recon_Deep_Staging_Location,Port_Teluk_Bayar,0.0,0.0,0.0,0.0,0.0,0.0,0.0,0.0,0.0,0.0,0.0,0.0,0.0,0.0,0.0,0.0,0.0,0.0,0.0,0.0,0.0,0.0,0.0,0.0,0.0,0.0,0.0,0.0,0.0,0.0,0.0,0.0,0.0,0.0,0.0,0.0,0.0,0.0,0.0
Phase_I__II_Recon_Deep_Staging_Location,Port_of_Belawan,0.0,0.0,0.0,0.0,0.0,0.0,0.0,0.0,0.0,0.0,0.0,0.0,0.0,0.0,0.0,0.0,0.0,0.0,0.0,0.0,0.0,0.0,0.0,0.0,0.0,0.0,0.0,0.0,0.0,0.0,0.0,0.0,0.0,0.0,0.0,0.0,0.0,0.0,0.0
Phase_I__II_Recon_Deep_Staging_Location,Sultan_Iskandar_Muda_Airport,0.0,0.0,0.0,0.0,0.0,0.0,0.0,0.0,0.0,0.0,0.0,0.0,0.0,0.0,0.0,0.0,0.0,0.0,0.0,0.0,0.0,0.0,0.0,0.0,0.0,0.0,0.0,0.0,0.0,0.0,0.0,0.0,0.0,0.0,0.0,0.0,0.0,0.0,0.0
Phase_I_128_Staging_Location,Banda_Aceh_Port,0.0,0.0,0.0,0.0,0.0,0.0,0.0,0.0,0.0,0.0,0.0,0.0,0.0,0.0,0.0,0.0,0.0,0.0,0.0,0.0,0.0,0.0,0.0,0.0,0.0,0.0,0.0,0.0,0.0,0.0,0.0,0.0,0.0,0.0,0.0,0.0,0.0,0.0,0.0
Phase_I_128_Staging_Location,Medan_Air_Base,0.21767707573280654,0.6299860473546768,0.7617393930816343,0.5455540229142098,0.28069456734591347,0.2132904038552929,0.5397238091528085,0.6982964059392097,0.6411589157506052,0.20902418251288585,0.5293334006064211,0.5390228401758624,0.17029541833085177,0.3201423656077388,0.151253704489423,0.35416467164119203,0.2564939877361424,0.6677705913331092,0.29255282046300735,0.6476567503427919,0.5273034203893949,0.14671020949593672,0.46400689197807354,0.38941392957318255,0.6240919929567377,0.17238698051659598,0.5580426554473147,0.78557631128496,0.3667336256393924,0.49495088665414677,0.0,0.0,0.0,0.0,0.0,0.0,0.0,0.0,0.0
Phase_I_128_Staging_Location,Phase_I_313_Staging_Location,0.0,0.0,0.0,0.0,0.0,0.0,0.0,0.0,0.0,0.0,0.0,0.0,0.0,0.0,0.0,0.0,0.0,0.0,0.0,0.0,0.0,0.0,0.0,0.0,0.0,0.0,0.0,0.0,0.0,0.0,0.0,0.0,0.0,0.0,0.0,0.0,0.0,0.0,0.0
Phase_I_128_Staging_Location,Phase_I_328_Staging_Location,0.0,0.0,0.0,0.0,0.0,0.0,0.0,0.0,0.0,0.0,0.0,0.0,0.0,0.0,0.0,0.0,0.0,0.0,0.0,0.0,0.0,0.0,0.0,0.0,0.0,0.0,0.0,0.0,0.0,0.0,0.0,0.0,0.0,0.0,0.0,0.0,0.0,0.0,0.0
Phase_I_128_Staging_Location,Phase_II_D1_128__328_Supporting_Position,0.40359857681124534,0.23274419163481133,0.7856449877008759,0.606229214595674,0.5423170324280311,0.24105907023156206,0.18900788539033414,0.32833335567918426,0.17034878250251906,0.30257412965670355,0.7047885722817149,0.6656119245401224,0.546878435242236,0.7555108152777992,0.7858543594297991,0.46640617982021104,0.5644312460894143,0.5007353187336053,0.6989669739285873,0.3810355144096339,0.7182118079715795,0.3308801041543884,0.2787360107330637,0.5481966844724944,0.41672650153403945,0.5838908015748366,0.5132210135774545,0.20023201794672552,0.3554932213171037,0.781531099109774,0.24215621789959438,0.1997780920619473,0.6855255410568777,0.3344842590646963,0.3308552881577487,0.423543016386982,0.1808507417652519,0.14780810313180923,0.5294271591289685
Phase_I_128_Staging_Location,Phase_II_D1_PAA_3,0.22304244930010458,0.20518818099202135,0.5814115941591601,0.4499718484615498,0.5450214036608312,0.7231336959722826,0.41677776186488813,0.7213445021530981,0.1944772751204954,0.6550508510040685,0.20654223160101787,0.21339228027671148,0.402981653782553,0.4266703465563636,0.7837543828887316,0.10036777333708818,0.577794155399532,0.4273253938260677,0.235576979009852,0.2412682106259375,0.4788808453349491,0.5791141376162752,0.5650221777241504,0.5803509123962658,0.17577341644698152,0.6650241840230037,0.4546714644583094,0.20423429335296417,0.39790955303139275,0.42897479703188157,0.6113935453392055,0.7845466945862366,0.48484150332665854,0.6403588966391588,0.5454669184602765,0.25787607700144727,0.542771196288542,0.5119378013179599,0.3239152541411995
Phase_I_128_Staging_Location,Phase_II_D2_PAA4,0.7285636718005202,0.3309524651730973,0.14655022612922713,0.7850193932799453,0.17177587515088064,0.3533258383807276,0.5897818738886746,0.6019144864210525,0.6997391652787438,0.28774273647382204,0.29361977752162305,0.18672902766185945,0.6079057333274139,0.7873173610129947,0.4135939398319306,0.7078272548314067,0.596747158697457,0.30474456619408885,0.5588754366432249,0.2034575276838796,0.2630516184776289,0.31681909643075523,0.18843393714877024,0.2353664926661005,0.5843930410219568,0.3745987372581434,0.6272874568970019,0.14682674245067034,0.10572708336024356,0.44314854809731563,0.397528503500148,0.15422150828573725,0.4789896791315864,0.3374682548573943,0.2822226265945017,0.4565643648902157,0.7291950160691378,0.27823360688139886,0.4226467212783721
Phase_I_128_Staging_Location,Phase_II_D3_PAA5,0.7787844851997852,0.7564929893046805,0.24390738203850137,0.6547088618411858,0.38382621489741364,0.49120121273211903,0.7425344896806575,0.7229398941507711,0.46735159917516345,0.5204089657118776,0.285156665780246,0.6753052582703607,0.47653481548718457,0.1669109336469469,0.7386449546435504,0.4690093728128012,0.3690069926366404,0.7217912720407662,0.6841528279620441,0.7899270838125361,0.6669460164341932,0.46871837762201096,0.7356781777251631,0.6591187799845409,0.4636657644775014,0.11193725046618393,0.3905543879082741,0.31766821220372266,0.3955558290314486,0.6856414799713207,0.5469818672246609,0.1727134348192917,0.42878709814788885,0.4604247648401423,0.3078513576635111,0.37093527403010906,0.20851299972798576,0.3999840296094347,0.2567512243069231
Phase_I_128_Staging_Location,Phase_II_D-Day_128_Support_Area,0.0,0.0,0.0,0.0,0.0,0.0,0.0,0.0,0.0,0.0,0.0,0.0,0.0,0.0,0.0,0.0,0.0,0.0,0.0,0.0,0.0,0.0,0.0,0.0,0.0,0.0,0.0,0.0,0.0,0.0,0.0,0.0,0.0,0.0,0.0,0.0,0.0,0.0,0.0
Phase_I_128_Staging_Location,Phase_II_Farp_2A,0.0,0.0,0.0,0.0,0.0,0.0,0.0,0.0,0.0,0.0,0.0,0.0,0.0,0.0,0.0,0.0,0.0,0.0,0.0,0.0,0.0,0.0,0.0,0.0,0.0,0.0,0.0,0.0,0.0,0.0,0.0,0.0,0.0,0.0,0.0,0.0,0.0,0.0,0.0
Phase_I_128_Staging_Location,Phase_II_PAA2,0.0,0.0,0.0,0.0,0.0,0.0,0.0,0.0,0.0,0.0,0.0,0.0,0.0,0.0,0.0,0.0,0.0,0.0,0.0,0.0,0.0,0.0,0.0,0.0,0.0,0.0,0.0,0.0,0.0,0.0,0.0,0.0,0.0,0.0,0.0,0.0,0.0,0.0,0.0
Phase_I_128_Staging_Location,Port_of_Belawan,0.0,0.0,0.0,0.0,0.0,0.0,0.0,0.0,0.0,0.0,0.0,0.0,0.0,0.0,0.0,0.0,0.0,0.0,0.0,0.0,0.0,0.0,0.0,0.0,0.0,0.0,0.0,0.0,0.0,0.0,0.0,0.0,0.0,0.0,0.0,0.0,0.0,0.0,0.0
Phase_I_128_Staging_Location,Sultan_Iskandar_Muda_Airport,0.0,0.0,0.0,0.0,0.0,0.0,0.0,0.0,0.0,0.0,0.0,0.0,0.0,0.0,0.0,0.0,0.0,0.0,0.0,0.0,0.0,0.0,0.0,0.0,0.0,0.0,0.0,0.0,0.0,0.0,0.0,0.0,0.0,0.0,0.0,0.0,0.0,0.0,0.0
Phase_I_313_Staging_Location,Banda_Aceh_Port,0.0,0.0,0.0,0.0,0.0,0.0,0.0,0.0,0.0,0.0,0.0,0.0,0.0,0.0,0.0,0.0,0.0,0.0,0.0,0.0,0.0,0.0,0.0,0.0,0.0,0.0,0.0,0.0,0.0,0.0,0.0,0.0,0.0,0.0,0.0,0.0,0.0,0.0,0.0
Phase_I_313_Staging_Location,Medan_Air_Base,0.5912073861369836,0.134498474888546,0.7494666700629765,0.21956345996316234,0.6913355285505233,0.7157230499658095,0.3362917128961405,0.5997355573837979,0.28184476716370926,0.6814013989049457,0.17363693137527036,0.4600815123154335,0.1289115982406806,0.3924753889475866,0.7025507149697858,0.15658378148411933,0.6522035219255022,0.574565970104302,0.2151977946949028,0.12202637343096076,0.13180408182205192,0.5142031582169122,0.34139584704784653,0.7317738520673334,0.11436990539288004,0.4764972257787533,0.6862869840469575,0.6927772263598465,0.3697177910681254,0.31047022659373014,0.0,0.0,0.0,0.0,0.0,0.0,0.0,0.0,0.0
Phase_I_313_Staging_Location,Phase_I_128_Staging_Location,0.0,0.0,0.0,0.0,0.0,0.0,0.0,0.0,0.0,0.0,0.0,0.0,0.0,0.0,0.0,0.0,0.0,0.0,0.0,0.0,0.0,0.0,0.0,0.0,0.0,0.0,0.0,0.0,0.0,0.0,0.0,0.0,0.0,0.0,0.0,0.0,0.0,0.0,0.0
Phase_I_313_Staging_Location,Phase_I_328_Staging_Location,0.0,0.0,0.0,0.0,0.0,0.0,0.0,0.0,0.0,0.0,0.0,0.0,0.0,0.0,0.0,0.0,0.0,0.0,0.0,0.0,0.0,0.0,0.0,0.0,0.0,0.0,0.0,0.0,0.0,0.0,0.0,0.0,0.0,0.0,0.0,0.0,0.0,0.0,0.0
Phase_I_313_Staging_Location,Phase_II_D1_128__328_Supporting_Position,0.4706940967341263,0.7599342775374825,0.29065822683597226,0.6536682606209931,0.6640977797422428,0.48543014724570555,0.7375823120237431,0.47614701212971966,0.3016926555510726,0.4520137169394758,0.13681037779879718,0.6568376947985755,0.2744259192916406,0.6189821916019684,0.21632169365900422,0.48439976917154826,0.41655864171515244,0.4495137692784936,0.723131744980116,0.6179332710640723,0.5476908306543021,0.4668852832276258,0.2122032723826564,0.6929025744018518,0.5464121396806763,0.1926410911585968,0.26248634725719694,0.5032863323973157,0.7658932152167806,0.4625453403898765,0.30142923300014135,0.14003946885570617,0.27603768074412016,0.751326850814197,0.2518303609671011,0.39243722624603583,0.10597721540376655,0.2686335347920161,0.5472204291914389
Phase_I_313_Staging_Location,Phase_II_D1_PAA_3,0.5671083129491232,0.18071645612246123,0.5772086760284224,0.16241610012907107,0.7436113568102822,0.5653024786509054,0.6235105520080514,0.6941289882233277,0.22003879439143542,0.283017815217041,0.7647977552939786,0.3423367420277428,0.2760440869249421,0.4093780656432451,0.7978954416447227,0.11886642377748774,0.3244666906738576,0.60761884011856,0.6276600915737136,0.33234831377318924,0.11722268602513708,0.7088485399634306,0.4598208094146544,0.4069156956985098,0.32855611386977324,0.7930722033819056,0.26817788662179215,0.7286703457513809,0.1702141874244305,0.7070702731519685,0.16126220538143687,0.2303905108730656,0.6452167119789858,0.2447410781040972,0.3372188079686885,0.7467842068617976,0.28352223253739284,0.23478129295651157,0.4211533881162345
Phase_I_313_Staging_Location,Phase_II_D2_PAA4,0.21839612052014296,0.5878134323247777,0.5230745190095196,0.24583866105450966,0.6016295372425955,0.15831424020257404,0.7252614401625811,0.29445485976851393,0.38697319634472715,0.23710873914763755,0.3854703202202264,0.3167828517889581,0.5754355297257885,0.2129906335999746,0.6280120287928901,0.5750795887230373,0.1324868406092607,0.20795623616680967,0.13082717207817385,0.271802447824797,0.2871565462877721,0.4106204633901437,0.17472584716611222,0.6726429121850714,0.7369597585166178,0.788156110398337,0.1972970656174572,0.17041291478124546,0.6744070045255783,0.5020958639679556,0.3332518117533019,0.36527953451705464,0.7267801118566116,0.6586466005683659,0.48354861779574754,0.18903065315847123,0.18301582242483463,0.3379761364550782,0.7700434750867389
Phase_I_313_Staging_Location,Phase_II_D3_PAA5,0.6299044031388735,0.6217470405087748,0.27995386212517903,0.5578217263733141,0.30416176736290323,0.522314351766202,0.5645953399673653,0.3389310694347359,0.7626945022900529,0.15889382512282127,0.12329346040824563,0.698928647015941,0.7636441348197287,0.31727593326994413,0.6372435900010069,0.5809508935442436,0.3947595924663201,0.17374229421548426,0.5510763138613952,0.6122260446592686,0.5713268117857653,0.14832729420937252,0.2950175593563855,0.2150423474147079,0.5173327868867216,0.49416993269404497,0.11585011301954114,0.5917335805501931,0.49012041916054017,0.4066161721720307,0.3108650353539454,0.7442944139431942,0.6110058649625817,0.31692663972253887,0.2033219025234169,0.4123241503287095,0.19389789905842753,0.7923606960374577,0.2398525867390974
Phase_I_313_Staging_Location,Phase_II_D-Day_128_Support_Area,0.0,0.0,0.0,0.0,0.0,0.0,0.0,0.0,0.0,0.0,0.0,0.0,0.0,0.0,0.0,0.0,0.0,0.0,0.0,0.0,0.0,0.0,0.0,0.0,0.0,0.0,0.0,0.0,0.0,0.0,0.0,0.0,0.0,0.0,0.0,0.0,0.0,0.0,0.0
Phase_I_313_Staging_Location,Phase_II_Farp_2A,0.0,0.0,0.0,0.0,0.0,0.0,0.0,0.0,0.0,0.0,0.0,0.0,0.0,0.0,0.0,0.0,0.0,0.0,0.0,0.0,0.0,0.0,0.0,0.0,0.0,0.0,0.0,0.0,0.0,0.0,0.0,0.0,0.0,0.0,0.0,0.0,0.0,0.0,0.0
Phase_I_313_Staging_Location,Phase_II_PAA2,0.0,0.0,0.0,0.0,0.0,0.0,0.0,0.0,0.0,0.0,0.0,0.0,0.0,0.0,0.0,0.0,0.0,0.0,0.0,0.0,0.0,0.0,0.0,0.0,0.0,0.0,0.0,0.0,0.0,0.0,0.0,0.0,0.0,0.0,0.0,0.0,0.0,0.0,0.0
Phase_I_313_Staging_Location,Port_of_Belawan,0.0,0.0,0.0,0.0,0.0,0.0,0.0,0.0,0.0,0.0,0.0,0.0,0.0,0.0,0.0,0.0,0.0,0.0,0.0,0.0,0.0,0.0,0.0,0.0,0.0,0.0,0.0,0.0,0.0,0.0,0.0,0.0,0.0,0.0,0.0,0.0,0.0,0.0,0.0
Phase_I_313_Staging_Location,Sultan_Iskandar_Muda_Airport,0.0,0.0,0.0,0.0,0.0,0.0,0.0,0.0,0.0,0.0,0.0,0.0,0.0,0.0,0.0,0.0,0.0,0.0,0.0,0.0,0.0,0.0,0.0,0.0,0.0,0.0,0.0,0.0,0.0,0.0,0.0,0.0,0.0,0.0,0.0,0.0,0.0,0.0,0.0
Phase_I_328_Staging_Location,Banda_Aceh_Port,0.0,0.0,0.0,0.0,0.0,0.0,0.0,0.0,0.0,0.0,0.0,0.0,0.0,0.0,0.0,0.0,0.0,0.0,0.0,0.0,0.0,0.0,0.0,0.0,0.0,0.0,0.0,0.0,0.0,0.0,0.0,0.0,0.0,0.0,0.0,0.0,0.0,0.0,0.0
Phase_I_328_Staging_Location,Medan_Air_Base,0.5230175307862229,0.16325905055826687,0.5235919329769569,0.49445260560499016,0.786963083912858,0.227948892230815,0.5417302319086832,0.1151743382074241,0.7755136483209153,0.7434887320146883,0.4813241041210464,0.41407067391451313,0.7904114078600203,0.569702243904154,0.6782144592377147,0.40550510697495246,0.19905476378536296,0.5241025493405539,0.6623487753549219,0.3167292342252056,0.42115835742952323,0.453278086051057,0.6314853820159292,0.6009027983985011,0.6218744875678236,0.30884464965893277,0.379113299314942,0.4021566136864313,0.10995556496276568,0.10752927967592982,0.0,0.0,0.0,0.0,0.0,0.0,0.0,0.0,0.0
Phase_I_328_Staging_Location,Pekanbaru_Air_Base,0.0,0.0,0.0,0.0,0.0,0.0,0.0,0.0,0.0,0.0,0.0,0.0,0.0,0.0,0.0,0.0,0.0,0.0,0.0,0.0,0.0,0.0,0.0,0.0,0.0,0.0,0.0,0.0,0.0,0.0,0.0,0.0,0.0,0.0,0.0,0.0,0.0,0.0,0.0
Phase_I_328_Staging_Location,Phase_I_128_Staging_Location,0.0,0.0,0.0,0.0,0.0,0.0,0.0,0.0,0.0,0.0,0.0,0.0,0.0,0.0,0.0,0.0,0.0,0.0,0.0,0.0,0.0,0.0,0.0,0.0,0.0,0.0,0.0,0.0,0.0,0.0,0.0,0.0,0.0,0.0,0.0,0.0,0.0,0.0,0.0
Phase_I_328_Staging_Location,Phase_I_313_Staging_Location,0.0,0.0,0.0,0.0,0.0,0.0,0.0,0.0,0.0,0.0,0.0,0.0,0.0,0.0,0.0,0.0,0.0,0.0,0.0,0.0,0.0,0.0,0.0,0.0,0.0,0.0,0.0,0.0,0.0,0.0,0.0,0.0,0.0,0.0,0.0,0.0,0.0,0.0,0.0
Phase_I_328_Staging_Location,Phase_II_D1_128__328_Supporting_Position,0.29046842689948243,0.5983602368358882,0.4388983188829647,0.6411729329604668,0.3581087386447793,0.24672164170633037,0.7739290010740358,0.378737365481039,0.5346553544300685,0.2157961409677316,0.39921970829168507,0.19889691108169427,0.26155851210661357,0.4900503717450435,0.6881745847250496,0.4638656728202363,0.78886519240206,0.2232593998834172,0.21070271044330577,0.5794209408276387,0.36462731423725325,0.7276153846515361,0.6928388349682096,0.7568355151693523,0.6075818523691098,0.4454173317890817,0.1861688032946483,0.6399490942585192,0.4911909146570713,0.6630543408183438,0.5349757940890961,0.689625691684659,0.5422563105165388,0.24752575864397153,0.16396941205863816,0.30238883821430884,0.3897125682474474,0.38411964754237826,0.1807203215991417
Phase_I_328_Staging_Location,Phase_II_D1_PAA_3,0.4129331336932641,0.5729603943642184,0.6432420142150164,0.7229803069207028,0.7589972407351018,0.7931689345663796,0.345140740680526,0.5078330969405319,0.38727877525384713,0.7828337104171843,0.44277462090053743,0.44611126601934104,0.4561178434622175,0.3405535267509061,0.1765063016492427,0.6548400856229218,0.7822160167893601,0.7166335404849801,0.7936042752407507,0.5891221976773121,0.4403669324458981,0.7613221736040453,0.16233548044780627,0.2813084616309157,0.2506331623091934,0.6467860311912278,0.22573336086066656,0.6661471383860897,0.7427606244308371,0.544818909345148,0.4657896708283711,0.23488520702000656,0.698903465370987,0.5716633341590128,0.12146140435146717,0.3096227614477315,0.15960374865918003,0.7947514075992872,0.7235807751230671
Phase_I_328_Staging_Location,Phase_II_D2_PAA4,0.518607435861298,0.4671193170126009,0.7888213315281725,0.43468838024423795,0.25138932709146744,0.3301962047118808,0.6828181752839985,0.3322794493475121,0.24558823455028206,0.14664138351726327,0.3138097392558612,0.13375292642483472,0.12445178551937891,0.3124922583099344,0.24026696396309027,0.35542943845844266,0.34922260500859664,0.48466867691202686,0.2968197214965528,0.5747056495018785,0.6875729783224009,0.6761561192200178,0.392382936407759,0.162236973704443,0.38878930982596915,0.34172158783293116,0.6525834346826984,0.36965174087154096,0.5615165976441813,0.1964352843539134,0.2553933041778359,0.6126061150788131,0.6827633695702595,0.18083486569159402,0.4667966202593635,0.3101836728259614,0.6183389892542457,0.41214224323371396,0.12690318134835313
Phase_I_328_Staging_Location,Phase_II_D3_PAA5,0.5615618051059585,0.6157507864427582,0.16290940458273517,0.7428958371874236,0.30455766391594885,0.6088170664158757,0.18556020298048317,0.1160907288761955,0.5950500996664893,0.39828724259499926,0.7673917339754421,0.1669719713207171,0.788452986217618,0.5241760599776336,0.5795559984899059,0.7853520775181423,0.4625699356355586,0.6943612524017473,0.14855964313695197,0.1687221682949785,0.7396412650859324,0.5794434482480599,0.6880556142893989,0.65003759513077,0.4373301232618898,0.7312667919968253,0.2389673842021731,0.7931266727113091,0.5397021930355179,0.3748180186051179,0.7016576028417475,0.6482057312644445,0.13984947330901315,0.49945371248199877,0.5146323349120703,0.5933079873698114,0.19857929492696733,0.4372694993677335,0.46195094873876863
Phase_I_328_Staging_Location,Phase_II_D-Day_128_Support_Area,0.0,0.0,0.0,0.0,0.0,0.0,0.0,0.0,0.0,0.0,0.0,0.0,0.0,0.0,0.0,0.0,0.0,0.0,0.0,0.0,0.0,0.0,0.0,0.0,0.0,0.0,0.0,0.0,0.0,0.0,0.0,0.0,0.0,0.0,0.0,0.0,0.0,0.0,0.0
Phase_I_328_Staging_Location,Phase_II_Farp_2A,0.0,0.0,0.0,0.0,0.0,0.0,0.0,0.0,0.0,0.0,0.0,0.0,0.0,0.0,0.0,0.0,0.0,0.0,0.0,0.0,0.0,0.0,0.0,0.0,0.0,0.0,0.0,0.0,0.0,0.0,0.0,0.0,0.0,0.0,0.0,0.0,0.0,0.0,0.0
Phase_I_328_Staging_Location,Phase_II_PAA2,0.0,0.0,0.0,0.0,0.0,0.0,0.0,0.0,0.0,0.0,0.0,0.0,0.0,0.0,0.0,0.0,0.0,0.0,0.0,0.0,0.0,0.0,0.0,0.0,0.0,0.0,0.0,0.0,0.0,0.0,0.0,0.0,0.0,0.0,0.0,0.0,0.0,0.0,0.0
Phase_I_328_Staging_Location,Port_of_Belawan,0.0,0.0,0.0,0.0,0.0,0.0,0.0,0.0,0.0,0.0,0.0,0.0,0.0,0.0,0.0,0.0,0.0,0.0,0.0,0.0,0.0,0.0,0.0,0.0,0.0,0.0,0.0,0.0,0.0,0.0,0.0,0.0,0.0,0.0,0.0,0.0,0.0,0.0,0.0
Phase_I_328_Staging_Location,Sultan_Iskandar_Muda_Airport,0.0,0.0,0.0,0.0,0.0,0.0,0.0,0.0,0.0,0.0,0.0,0.0,0.0,0.0,0.0,0.0,0.0,0.0,0.0,0.0,0.0,0.0,0.0,0.0,0.0,0.0,0.0,0.0,0.0,0.0,0.0,0.0,0.0,0.0,0.0,0.0,0.0,0.0,0.0
Phase_II_D1_128__328_Supporting_Position,Banda_Aceh_Port,0.0,0.0,0.0,0.0,0.0,0.0,0.0,0.0,0.0,0.0,0.0,0.0,0.0,0.0,0.0,0.0,0.0,0.0,0.0,0.0,0.0,0.0,0.0,0.0,0.0,0.0,0.0,0.0,0.0,0.0,0.0,0.0,0.0,0.0,0.0,0.0,0.0,0.0,0.0
Phase_II_D1_128__328_Supporting_Position,Medan_Air_Base,0.7058825350519328,0.4123892750712127,0.19674873659284609,0.3558545922499242,0.5121307240839142,0.7444699787026663,0.2385431194457974,0.17886181636064577,0.6605146330379804,0.3781574331454097,0.2405537742145541,0.4829026233217216,0.7291453085376215,0.19639486074190632,0.611531377187392,0.2537911421849944,0.1593287356578434,0.1887842591178811,0.2254068819954735,0.2394292378254395,0.6682005449502949,0.7027475005374658,0.1494559255923212,0.4967100884516855,0.515357245404749,0.44495574614595756,0.22707740823456146,0.34066954970863683,0.6653418598214285,0.24364975708896588,0.0,0.0,0.0,0.0,0.0,0.0,0.0,0.0,0.0
Phase_II_D1_128__328_Supporting_Position,Pekanbaru_Air_Base,0.0,0.0,0.0,0.0,0.0,0.0,0.0,0.0,0.0,0.0,0.0,0.0,0.0,0.0,0.0,0.0,0.0,0.0,0.0,0.0,0.0,0.0,0.0,0.0,0.0,0.0,0.0,0.0,0.0,0.0,0.0,0.0,0.0,0.0,0.0,0.0,0.0,0.0,0.0
Phase_II_D1_128__328_Supporting_Position,Phase_I_128_Staging_Location,0.0,0.0,0.0,0.0,0.0,0.0,0.0,0.0,0.0,0.0,0.0,0.0,0.0,0.0,0.0,0.0,0.0,0.0,0.0,0.0,0.0,0.0,0.0,0.0,0.0,0.0,0.0,0.0,0.0,0.0,0.0,0.0,0.0,0.0,0.0,0.0,0.0,0.0,0.0
Phase_II_D1_128__328_Supporting_Position,Phase_I_313_Staging_Location,0.0,0.0,0.0,0.0,0.0,0.0,0.0,0.0,0.0,0.0,0.0,0.0,0.0,0.0,0.0,0.0,0.0,0.0,0.0,0.0,0.0,0.0,0.0,0.0,0.0,0.0,0.0,0.0,0.0,0.0,0.0,0.0,0.0,0.0,0.0,0.0,0.0,0.0,0.0
Phase_II_D1_128__328_Supporting_Position,Phase_I_328_Staging_Location,0.0,0.0,0.0,0.0,0.0,0.0,0.0,0.0,0.0,0.0,0.0,0.0,0.0,0.0,0.0,0.0,0.0,0.0,0.0,0.0,0.0,0.0,0.0,0.0,0.0,0.0,0.0,0.0,0.0,0.0,0.0,0.0,0.0,0.0,0.0,0.0,0.0,0.0,0.0
Phase_II_D1_128__328_Supporting_Position,Phase_II_D1_PAA_3,0.21674854454155645,0.48779407160480026,0.29046235391697706,0.10729623132395048,0.26825247986908574,0.17635795235855206,0.6870691771510544,0.7076493989162598,0.4223079716373379,0.4595195729063378,0.49379013824327467,0.1626636819790571,0.4474119123659607,0.3623324350382996,0.31221049795948397,0.5877339762447871,0.7271064300750287,0.608297743671131,0.5340412312889053,0.653916204786773,0.1670014412769948,0.39166294666968837,0.38213095094868965,0.17194722607548274,0.439507041887122,0.566271153147895,0.5564891335485634,0.18154941873354502,0.5647634604244635,0.6093578445796723,0.5428763648388176,0.5918956349553859,0.5070212655864151,0.16030169348279935,0.6818151093294212,0.3903287382732792,0.3095845661127773,0.4210878886433502,0.7726436648164563
Phase_II_D1_128__328_Supporting_Position,Phase_II_D2_PAA4,0.6156346987067269,0.4921528726120069,0.7855090460165393,0.5252173716323986,0.1660984896491881,0.6916645982904338,0.5581603317315886,0.32000323038919765,0.15931234491315377,0.19907203276336422,0.7371886240307104,0.5334898634730123,0.2279646246733926,0.14609101167383043,0.7925034111961751,0.5979221045078141,0.589626046694561,0.17176446171239756,0.35263657409671445,0.6523880578348631,0.30078506339285255,0.2058554095671593,0.5583764771502471,0.5005632114641307,0.20617642543550835,0.2809192793063189,0.49562282803396307,0.5776062023078243,0.1832087495995393,0.6580903969452933,0.3402539110956011,0.759233683354641,0.2517734310258488,0.4218111583427374,0.49027217657013755,0.30882882722398564,0.6514715467688561,0.32793365073233904,0.6571427684414439
Phase_II_D1_128__328_Supporting_Position,Phase_II_D3_PAA5,0.24153547410752627,0.1791717029933052,0.7477155490686241,0.3966731558566138,0.2144803601694709,0.2248015113916334,0.7222410445577784,0.28100685398564085,0.3873655505537388,0.5553494003389183,0.609002420469552,0.160755315498403,0.20884792756172466,0.6704510940459303,0.5671907506462504,0.4027316144516755,0.621274346998124,0.37891444108720607,0.39691577010334167,0.5145065313086022,0.6638583029597513,0.6067050077584815,0.7946898989003991,0.23399209385971878,0.6427889391566536,0.5199683699002967,0.3793683766972855,0.45408525106681974,0.6679228184406697,0.4965443116163095,0.3770051618139225,0.5027822812263194,0.34116426356219953,0.6919529470130285,0.5193242170069031,0.34677667173187543,0.5819331669173862,0.3893944380442341,0.3027418683345623
Phase_II_D1_128__328_Supporting_Position,Phase_II_D-Day_128_Support_Area,0.0,0.0,0.0,0.0,0.0,0.0,0.0,0.0,0.0,0.0,0.0,0.0,0.0,0.0,0.0,0.0,0.0,0.0,0.0,0.0,0.0,0.0,0.0,0.0,0.0,0.0,0.0,0.0,0.0,0.0,0.0,0.0,0.0,0.0,0.0,0.0,0.0,0.0,0.0
Phase_II_D1_128__328_Supporting_Position,Phase_II_Farp_2A,0.0,0.0,0.0,0.0,0.0,0.0,0.0,0.0,0.0,0.0,0.0,0.0,0.0,0.0,0.0,0.0,0.0,0.0,0.0,0.0,0.0,0.0,0.0,0.0,0.0,0.0,0.0,0.0,0.0,0.0,0.0,0.0,0.0,0.0,0.0,0.0,0.0,0.0,0.0
Phase_II_D1_128__328_Supporting_Position,Phase_II_PAA2,0.0,0.0,0.0,0.0,0.0,0.0,0.0,0.0,0.0,0.0,0.0,0.0,0.0,0.0,0.0,0.0,0.0,0.0,0.0,0.0,0.0,0.0,0.0,0.0,0.0,0.0,0.0,0.0,0.0,0.0,0.0,0.0,0.0,0.0,0.0,0.0,0.0,0.0,0.0
Phase_II_D1_128__328_Supporting_Position,Port_of_Belawan,0.0,0.0,0.0,0.0,0.0,0.0,0.0,0.0,0.0,0.0,0.0,0.0,0.0,0.0,0.0,0.0,0.0,0.0,0.0,0.0,0.0,0.0,0.0,0.0,0.0,0.0,0.0,0.0,0.0,0.0,0.0,0.0,0.0,0.0,0.0,0.0,0.0,0.0,0.0
Phase_II_D1_128__328_Supporting_Position,Sultan_Iskandar_Muda_Airport,0.0,0.0,0.0,0.0,0.0,0.0,0.0,0.0,0.0,0.0,0.0,0.0,0.0,0.0,0.0,0.0,0.0,0.0,0.0,0.0,0.0,0.0,0.0,0.0,0.0,0.0,0.0,0.0,0.0,0.0,0.0,0.0,0.0,0.0,0.0,0.0,0.0,0.0,0.0
Phase_II_D1_PAA_3,Banda_Aceh_Port,0.0,0.0,0.0,0.0,0.0,0.0,0.0,0.0,0.0,0.0,0.0,0.0,0.0,0.0,0.0,0.0,0.0,0.0,0.0,0.0,0.0,0.0,0.0,0.0,0.0,0.0,0.0,0.0,0.0,0.0,0.0,0.0,0.0,0.0,0.0,0.0,0.0,0.0,0.0
Phase_II_D1_PAA_3,Medan_Air_Base,0.27682572203637346,0.6251989377907489,0.7783602652066536,0.27740532905335613,0.7794503447442452,0.4993281169194925,0.4101983332701433,0.4571510178616274,0.4784241984903884,0.2644939727452742,0.34031319560574685,0.5386735315152225,0.6306321248805613,0.4077797456860054,0.7744032609712425,0.17358254544939555,0.47509760832364145,0.4396224479027292,0.4669260341830911,0.5382325081195538,0.5764076551159908,0.7636804008569842,0.2802713517658876,0.3951094782329265,0.6515011111816585,0.4448630472549282,0.2396143158242135,0.7823426521812827,0.7124777643996616,0.28641699647246566,0.0,0.0,0.0,0.0,0.0,0.0,0.0,0.0,0.0
Phase_II_D1_PAA_3,Pekanbaru_Air_Base,0.0,0.0,0.0,0.0,0.0,0.0,0.0,0.0,0.0,0.0,0.0,0.0,0.0,0.0,0.0,0.0,0.0,0.0,0.0,0.0,0.0,0.0,0.0,0.0,0.0,0.0,0.0,0.0,0.0,0.0,0.0,0.0,0.0,0.0,0.0,0.0,0.0,0.0,0.0
Phase_II_D1_PAA_3,Phase_I_128_Staging_Location,0.0,0.0,0.0,0.0,0.0,0.0,0.0,0.0,0.0,0.0,0.0,0.0,0.0,0.0,0.0,0.0,0.0,0.0,0.0,0.0,0.0,0.0,0.0,0.0,0.0,0.0,0.0,0.0,0.0,0.0,0.0,0.0,0.0,0.0,0.0,0.0,0.0,0.0,0.0
Phase_II_D1_PAA_3,Phase_I_313_Staging_Location,0.0,0.0,0.0,0.0,0.0,0.0,0.0,0.0,0.0,0.0,0.0,0.0,0.0,0.0,0.0,0.0,0.0,0.0,0.0,0.0,0.0,0.0,0.0,0.0,0.0,0.0,0.0,0.0,0.0,0.0,0.0,0.0,0.0,0.0,0.0,0.0,0.0,0.0,0.0
Phase_II_D1_PAA_3,Phase_I_328_Staging_Location,0.0,0.0,0.0,0.0,0.0,0.0,0.0,0.0,0.0,0.0,0.0,0.0,0.0,0.0,0.0,0.0,0.0,0.0,0.0,0.0,0.0,0.0,0.0,0.0,0.0,0.0,0.0,0.0,0.0,0.0,0.0,0.0,0.0,0.0,0.0,0.0,0.0,0.0,0.0
Phase_II_D1_PAA_3,Phase_II_D1_128__328_Supporting_Position,0.2904452018789353,0.2807244266093007,0.33440719885926096,0.3033895294928338,0.2945945394597148,0.19008796755523893,0.4106981753988107,0.5245678121226444,0.21443147146252362,0.7761469648273631,0.5044536493378058,0.6103256092946793,0.6977744736032568,0.4338800247060647,0.7936571021530376,0.7721415251214232,0.16459793029315264,0.2273892510929443,0.339837283349411,0.3262971553899757,0.6295869949038877,0.267483094497725,0.3038291096947212,0.4871688395043917,0.45202458744739193,0.5974240357995081,0.4456837981128029,0.10954706881976015,0.12601501058003556,0.3596809282370451,0.1452639590226575,0.14165872456946207,0.7480072963841928,0.19318181184324174,0.24749673602472208,0.5147690643275854,0.23822643989248768,0.6144383774229804,0.6641938915483631
Phase_II_D1_PAA_3,Phase_II_D2_PAA4,0.6044205529241934,0.10160178577318656,0.7291654317968207,0.5862749927024627,0.6329880533974638,0.2552192788652751,0.7794535457184053,0.6726816633998534,0.13077535757896686,0.23436415735495136,0.6837870334329682,0.38682655093425977,0.4667167985264138,0.652453529508257,0.22955857015036993,0.5451431500417323,0.42553004303734376,0.588210864765635,0.16615437754004775,0.2893369057360512,0.6024122579328121,0.181979133236358,0.5657194766769925,0.7749620015338379,0.7886813347127902,0.23996753157096162,0.4138850853885986,0.7513456089048058,0.3450475062403725,0.5840190501021316,0.7090446013045341,0.36655319019516375,0.5176003386551492,0.3285549422884695,0.3361043426899516,0.31973943501897917,0.5812898633204855,0.3111171604578374,0.2462003809840387
Phase_II_D1_PAA_3,Phase_II_D3_PAA5,0.7964565563852448,0.7461096792961209,0.32585935166138047,0.38948076228320927,0.32619892294542874,0.28614540216376383,0.16029681493570366,0.38029797260577036,0.5163753061541811,0.592369138191796,0.7873778340168126,0.504874365941476,0.587853056848709,0.6988263027172722,0.5816690245860889,0.2325780702557946,0.14272660281054753,0.5607103226738451,0.27373776922356374,0.385042382734726,0.4671988810701577,0.4106315212693279,0.3380442377015267,0.3784448280473751,0.3431362657801008,0.6394876126386522,0.13760750848367245,0.6214804370872982,0.2064663668350557,0.10860235721316795,0.4311522281869772,0.3399805464219878,0.1784909071780774,0.7944811988077768,0.5150694267221958,0.7561532216687092,0.3545341617130151,0.5550771543403298,0.47602820149132496
Phase_II_D1_PAA_3,Phase_II_D-Day_128_Support_Area,0.0,0.0,0.0,0.0,0.0,0.0,0.0,0.0,0.0,0.0,0.0,0.0,0.0,0.0,0.0,0.0,0.0,0.0,0.0,0.0,0.0,0.0,0.0,0.0,0.0,0.0,0.0,0.0,0.0,0.0,0.0,0.0,0.0,0.0,0.0,0.0,0.0,0.0,0.0
Phase_II_D1_PAA_3,Phase_II_Farp_2A,0.0,0.0,0.0,0.0,0.0,0.0,0.0,0.0,0.0,0.0,0.0,0.0,0.0,0.0,0.0,0.0,0.0,0.0,0.0,0.0,0.0,0.0,0.0,0.0,0.0,0.0,0.0,0.0,0.0,0.0,0.0,0.0,0.0,0.0,0.0,0.0,0.0,0.0,0.0
Phase_II_D1_PAA_3,Phase_II_PAA2,0.0,0.0,0.0,0.0,0.0,0.0,0.0,0.0,0.0,0.0,0.0,0.0,0.0,0.0,0.0,0.0,0.0,0.0,0.0,0.0,0.0,0.0,0.0,0.0,0.0,0.0,0.0,0.0,0.0,0.0,0.0,0.0,0.0,0.0,0.0,0.0,0.0,0.0,0.0
Phase_II_D1_PAA_3,Port_of_Belawan,0.0,0.0,0.0,0.0,0.0,0.0,0.0,0.0,0.0,0.0,0.0,0.0,0.0,0.0,0.0,0.0,0.0,0.0,0.0,0.0,0.0,0.0,0.0,0.0,0.0,0.0,0.0,0.0,0.0,0.0,0.0,0.0,0.0,0.0,0.0,0.0,0.0,0.0,0.0
Phase_II_D1_PAA_3,Sultan_Iskandar_Muda_Airport,0.0,0.0,0.0,0.0,0.0,0.0,0.0,0.0,0.0,0.0,0.0,0.0,0.0,0.0,0.0,0.0,0.0,0.0,0.0,0.0,0.0,0.0,0.0,0.0,0.0,0.0,0.0,0.0,0.0,0.0,0.0,0.0,0.0,0.0,0.0,0.0,0.0,0.0,0.0
Phase_II_D2_PAA4,Banda_Aceh_Port,0.0,0.0,0.0,0.0,0.0,0.0,0.0,0.0,0.0,0.0,0.0,0.0,0.0,0.0,0.0,0.0,0.0,0.0,0.0,0.0,0.0,0.0,0.0,0.0,0.0,0.0,0.0,0.0,0.0,0.0,0.0,0.0,0.0,0.0,0.0,0.0,0.0,0.0,0.0
Phase_II_D2_PAA4,Medan_Air_Base,0.7923587282170718,0.7743005763266471,0.6545221838470132,0.23529953438473208,0.13054884480141415,0.3088460335491826,0.34443349772767295,0.4252052205912066,0.1002235963070643,0.5740239876145515,0.6080901492876609,0.28168654780880387,0.5678246683935689,0.23054719665012438,0.7761226569591874,0.14807432458121408,0.5960899196690541,0.3880076084389825,0.7834417380321396,0.48756596446359446,0.6001424414728328,0.45626433489544616,0.27888251324741115,0.7218552869064854,0.45366488850994213,0.10567006721018211,0.7109331647387408,0.11791558230476523,0.48135393707852825,0.7270211942011199,0.0,0.0,0.0,0.0,0.0,0.0,0.0,0.0,0.0
Phase_II_D2_PAA4,Pekanbaru_Air_Base,0.0,0.0,0.0,0.0,0.0,0.0,0.0,0.0,0.0,0.0,0.0,0.0,0.0,0.0,0.0,0.0,0.0,0.0,0.0,0.0,0.0,0.0,0.0,0.0,0.0,0.0,0.0,0.0,0.0,0.0,0.0,0.0,0.0,0.0,0.0,0.0,0.0,0.0,0.0
Phase_II_D2_PAA4,Phase_I_128_Staging_Location,0.0,0.0,0.0,0.0,0.0,0.0,0.0,0.0,0.0,0.0,0.0,0.0,0.0,0.0,0.0,0.0,0.0,0.0,0.0,0.0,0.0,0.0,0.0,0.0,0.0,0.0,0.0,0.0,0.0,0.0,0.0,0.0,0.0,0.0,0.0,0.0,0.0,0.0,0.0
Phase_II_D2_PAA4,Phase_I_313_Staging_Location,0.0,0.0,0.0,0.0,0.0,0.0,0.0,0.0,0.0,0.0,0.0,0.0,0.0,0.0,0.0,0.0,0.0,0.0,0.0,0.0,0.0,0.0,0.0,0.0,0.0,0.0,0.0,0.0,0.0,0.0,0.0,0.0,0.0,0.0,0.0,0.0,0.0,0.0,0.0
Phase_II_D2_PAA4,Phase_I_328_Staging_Location,0.0,0.0,0.0,0.0,0.0,0.0,0.0,0.0,0.0,0.0,0.0,0.0,0.0,0.0,0.0,0.0,0.0,0.0,0.0,0.0,0.0,0.0,0.0,0.0,0.0,0.0,0.0,0.0,0.0,0.0,0.0,0.0,0.0,0.0,0.0,0.0,0.0,0.0,0.0
Phase_II_D2_PAA4,Phase_II_D1_128__328_Supporting_Position,0.7750024806002347,0.3252872405284043,0.16833836658262663,0.778863066116593,0.7006787068622776,0.20623161929430306,0.7880153723755174,0.3270511651875657,0.13393948130018649,0.20876474869325864,0.6373229566530516,0.5525456583983678,0.7146397611519871,0.3641197896184297,0.27137942069671733,0.6871090796056665,0.7025518573118783,0.7247818539890479,0.7883427217836118,0.7633686484142612,0.12036307204046125,0.5659337679860992,0.3386649968434635,0.4442559557454102,0.6700125171774092,0.12323422668756605,0.6503174677802178,0.359534228710114,0.13180498577060984,0.7140878215265885,0.41782717936503844,0.7061008062502907,0.7774195995734966,0.7329131326932895,0.5166430394945605,0.6761565278963192,0.17715151424972148,0.24506973952559277,0.46447087374748053
Phase_II_D2_PAA4,Phase_II_D1_PAA_3,0.5084117570782531,0.5606907783006689,0.41348182661536326,0.2697854876961345,0.6870941699072208,0.3493746645241044,0.3746585099176065,0.7871184447255338,0.6766062451959898,0.5040317905873867,0.21577304235217282,0.5499543440785127,0.16876150531866754,0.35499047217196567,0.71101101385436,0.2768146602281668,0.6102445745352884,0.14257008253361547,0.7859628583061077,0.4435313290780618,0.5412400235353896,0.31073247486433775,0.6265009103122242,0.7533370483811116,0.3021373073244271,0.15386673673786172,0.5796292899747304,0.670320217615626,0.7049811396619727,0.5368675841224765,0.43266978326682115,0.3887572826253739,0.25595224479711876,0.13158511370126305,0.28045043099149347,0.5776313368258158,0.3945163425474375,0.3979038429042179,0.26276926561525094
Phase_II_D2_PAA4,Phase_II_D3_PAA5,0.24432094833459592,0.26159965779033767,0.7352508515692304,0.38932174575618816,0.5635335003254394,0.14139538415191782,0.26038705674660034,0.20081888633705675,0.29357200385169663,0.6509105176695886,0.7264479602368016,0.509757513173855,0.5141795944642108,0.3669357898593223,0.6260689083805909,0.3735142383690996,0.47810528119334195,0.6061415803226444,0.3530805651270811,0.3628714029863418,0.6779284230991081,0.7349659055770745,0.578814292849114,0.7887369986953182,0.17330458608846147,0.13665329583859928,0.5261384778759299,0.33150927328051993,0.569233162695685,0.53605851760603,0.6968044905564503,0.2426172687926483,0.19072742033813242,0.17975579028763478,0.1820740938730001,0.12161413893214777,0.3226893083618715,0.21116252171023428,0.5602475208186177
Phase_II_D2_PAA4,Phase_II_D-Day_128_Support_Area,0.0,0.0,0.0,0.0,0.0,0.0,0.0,0.0,0.0,0.0,0.0,0.0,0.0,0.0,0.0,0.0,0.0,0.0,0.0,0.0,0.0,0.0,0.0,0.0,0.0,0.0,0.0,0.0,0.0,0.0,0.0,0.0,0.0,0.0,0.0,0.0,0.0,0.0,0.0
Phase_II_D2_PAA4,Phase_II_Farp_2A,0.0,0.0,0.0,0.0,0.0,0.0,0.0,0.0,0.0,0.0,0.0,0.0,0.0,0.0,0.0,0.0,0.0,0.0,0.0,0.0,0.0,0.0,0.0,0.0,0.0,0.0,0.0,0.0,0.0,0.0,0.0,0.0,0.0,0.0,0.0,0.0,0.0,0.0,0.0
Phase_II_D2_PAA4,Phase_II_PAA2,0.0,0.0,0.0,0.0,0.0,0.0,0.0,0.0,0.0,0.0,0.0,0.0,0.0,0.0,0.0,0.0,0.0,0.0,0.0,0.0,0.0,0.0,0.0,0.0,0.0,0.0,0.0,0.0,0.0,0.0,0.0,0.0,0.0,0.0,0.0,0.0,0.0,0.0,0.0
Phase_II_D2_PAA4,Port_of_Belawan,0.0,0.0,0.0,0.0,0.0,0.0,0.0,0.0,0.0,0.0,0.0,0.0,0.0,0.0,0.0,0.0,0.0,0.0,0.0,0.0,0.0,0.0,0.0,0.0,0.0,0.0,0.0,0.0,0.0,0.0,0.0,0.0,0.0,0.0,0.0,0.0,0.0,0.0,0.0
Phase_II_D2_PAA4,Sultan_Iskandar_Muda_Airport,0.0,0.0,0.0,0.0,0.0,0.0,0.0,0.0,0.0,0.0,0.0,0.0,0.0,0.0,0.0,0.0,0.0,0.0,0.0,0.0,0.0,0.0,0.0,0.0,0.0,0.0,0.0,0.0,0.0,0.0,0.0,0.0,0.0,0.0,0.0,0.0,0.0,0.0,0.0
Phase_II_D3_PAA5,Banda_Aceh_Port,0.0,0.0,0.0,0.0,0.0,0.0,0.0,0.0,0.0,0.0,0.0,0.0,0.0,0.0,0.0,0.0,0.0,0.0,0.0,0.0,0.0,0.0,0.0,0.0,0.0,0.0,0.0,0.0,0.0,0.0,0.0,0.0,0.0,0.0,0.0,0.0,0.0,0.0,0.0
Phase_II_D3_PAA5,Medan_Air_Base,0.6920075993609033,0.7053804570128064,0.49573201703767134,0.18768880889031414,0.33160608227751354,0.4983434611061063,0.2651622082702436,0.34201659364565207,0.500185418310373,0.1341057768256934,0.5119331660525818,0.24873038171382947,0.13616821449312982,0.13648590574712777,0.296057466409329,0.28490272612108153,0.2272916751400991,0.7211168012543787,0.1348730714774059,0.2892772028963845,0.530454952050674,0.7536973798303418,0.17842570651773354,0.15073496152079327,0.33467763389005595,0.7522100630338787,0.4638948110698926,0.7905018143617751,0.49958939222561327,0.41570845445483195,0.0,0.0,0.0,0.0,0.0,0.0,0.0,0.0,0.0
Phase_II_D3_PAA5,Pekanbaru_Air_Base,0.0,0.0,0.0,0.0,0.0,0.0,0.0,0.0,0.0,0.0,0.0,0.0,0.0,0.0,0.0,0.0,0.0,0.0,0.0,0.0,0.0,0.0,0.0,0.0,0.0,0.0,0.0,0.0,0.0,0.0,0.0,0.0,0.0,0.0,0.0,0.0,0.0,0.0,0.0
Phase_II_D3_PAA5,Phase_I_128_Staging_Location,0.0,0.0,0.0,0.0,0.0,0.0,0.0,0.0,0.0,0.0,0.0,0.0,0.0,0.0,0.0,0.0,0.0,0.0,0.0,0.0,0.0,0.0,0.0,0.0,0.0,0.0,0.0,0.0,0.0,0.0,0.0,0.0,0.0,0.0,0.0,0.0,0.0,0.0,0.0
Phase_II_D3_PAA5,Phase_I_313_Staging_Location,0.0,0.0,0.0,0.0,0.0,0.0,0.0,0.0,0.0,0.0,0.0,0.0,0.0,0.0,0.0,0.0,0.0,0.0,0.0,0.0,0.0,0.0,0.0,0.0,0.0,0.0,0.0,0.0,0.0,0.0,0.0,0.0,0.0,0.0,0.0,0.0,0.0,0.0,0.0
Phase_II_D3_PAA5,Phase_I_328_Staging_Location,0.0,0.0,0.0,0.0,0.0,0.0,0.0,0.0,0.0,0.0,0.0,0.0,0.0,0.0,0.0,0.0,0.0,0.0,0.0,0.0,0.0,0.0,0.0,0.0,0.0,0.0,0.0,0.0,0.0,0.0,0.0,0.0,0.0,0.0,0.0,0.0,0.0,0.0,0.0
Phase_II_D3_PAA5,Phase_II_D1_128__328_Supporting_Position,0.2757026585159079,0.2204850164945865,0.26758678278872017,0.5235840993913033,0.349262366152595,0.30842645665147705,0.5315074393311814,0.3650890116356651,0.7259024199313927,0.46522988267067567,0.4598415965842212,0.49453229819589695,0.23716339090549868,0.3662515269644615,0.3259815389458607,0.5288179743704992,0.21568964598487694,0.6892145067594416,0.5615851607843735,0.5280968936226031,0.5235916074358469,0.6671130631223452,0.42675150887716995,0.7139226656975469,0.1790449893909699,0.52032451659197,0.7486605810874902,0.6814630206504824,0.728952168038923,0.3878998078608912,0.7093702202216099,0.35595706656894965,0.6498634388981064,0.26515014505373896,0.5701061273678704,0.22649346816055724,0.3818476834808475,0.7021171764234106,0.7506820306152496
Phase_II_D3_PAA5,Phase_II_D1_PAA_3,0.6160527459971776,0.641888463170419,0.5018712483379087,0.5845990226053387,0.179794573344397,0.4847440037322097,0.6136347703672943,0.6786668455312153,0.20529160572601426,0.7743717310798872,0.198310712762345,0.3657482418852892,0.6346001791995548,0.6905687335528673,0.4995611551968112,0.337136764171659,0.329501159149341,0.6052237149750604,0.5677764913525754,0.15488498304334714,0.6615019987597269,0.5036987594854586,0.7749492273483701,0.2418063546681618,0.793049210989627,0.7800994615677549,0.6599527741577957,0.3937037708148168,0.1385520444538522,0.3919792690116547,0.1052027245056368,0.24503053272959943,0.29710651373327795,0.37896866917391725,0.6666310044434993,0.6551858166273483,0.2850319067258521,0.5150498912492912,0.40520979804480306
Phase_II_D3_PAA5,Phase_II_D2_PAA4,0.7398153595730246,0.13543519033200585,0.2685423539014461,0.10004243103696048,0.7909707932624777,0.567552081120296,0.25880814242670613,0.45375991910654867,0.5635859197826453,0.17266856101924377,0.49206366961891157,0.16015233570737217,0.4130687045302761,0.3069099592003598,0.7940532923382669,0.37626738150214234,0.3949633980988473,0.15631386252421675,0.2878999802528903,0.2579505101777062,0.4121028427565647,0.2906765635911054,0.7942534599520378,0.4541745523474955,0.7753555090293165,0.41153141366379864,0.4758188647812255,0.3347972431502717,0.6986975990049429,0.3761924353552968,0.7804526261944364,0.43094346754490886,0.5882609656570491,0.10695367768431202,0.1034559241070554,0.6003620139611013,0.7506760573580903,0.290395057036098,0.3628428972712102
Phase_II_D3_PAA5,Phase_II_D-Day_128_Support_Area,0.0,0.0,0.0,0.0,0.0,0.0,0.0,0.0,0.0,0.0,0.0,0.0,0.0,0.0,0.0,0.0,0.0,0.0,0.0,0.0,0.0,0.0,0.0,0.0,0.0,0.0,0.0,0.0,0.0,0.0,0.0,0.0,0.0,0.0,0.0,0.0,0.0,0.0,0.0
Phase_II_D3_PAA5,Phase_II_Farp_2A,0.0,0.0,0.0,0.0,0.0,0.0,0.0,0.0,0.0,0.0,0.0,0.0,0.0,0.0,0.0,0.0,0.0,0.0,0.0,0.0,0.0,0.0,0.0,0.0,0.0,0.0,0.0,0.0,0.0,0.0,0.0,0.0,0.0,0.0,0.0,0.0,0.0,0.0,0.0
Phase_II_D3_PAA5,Phase_II_PAA2,0.0,0.0,0.0,0.0,0.0,0.0,0.0,0.0,0.0,0.0,0.0,0.0,0.0,0.0,0.0,0.0,0.0,0.0,0.0,0.0,0.0,0.0,0.0,0.0,0.0,0.0,0.0,0.0,0.0,0.0,0.0,0.0,0.0,0.0,0.0,0.0,0.0,0.0,0.0
Phase_II_D3_PAA5,Port_Teluk_Bayar,0.0,0.0,0.0,0.0,0.0,0.0,0.0,0.0,0.0,0.0,0.0,0.0,0.0,0.0,0.0,0.0,0.0,0.0,0.0,0.0,0.0,0.0,0.0,0.0,0.0,0.0,0.0,0.0,0.0,0.0,0.0,0.0,0.0,0.0,0.0,0.0,0.0,0.0,0.0
Phase_II_D3_PAA5,Port_of_Belawan,0.0,0.0,0.0,0.0,0.0,0.0,0.0,0.0,0.0,0.0,0.0,0.0,0.0,0.0,0.0,0.0,0.0,0.0,0.0,0.0,0.0,0.0,0.0,0.0,0.0,0.0,0.0,0.0,0.0,0.0,0.0,0.0,0.0,0.0,0.0,0.0,0.0,0.0,0.0
Phase_II_D3_PAA5,Sultan_Iskandar_Muda_Airport,0.0,0.0,0.0,0.0,0.0,0.0,0.0,0.0,0.0,0.0,0.0,0.0,0.0,0.0,0.0,0.0,0.0,0.0,0.0,0.0,0.0,0.0,0.0,0.0,0.0,0.0,0.0,0.0,0.0,0.0,0.0,0.0,0.0,0.0,0.0,0.0,0.0,0.0,0.0
Phase_II_D-Day_128_Support_Area,Banda_Aceh_Port,0.0,0.0,0.0,0.0,0.0,0.0,0.0,0.0,0.0,0.0,0.0,0.0,0.0,0.0,0.0,0.0,0.0,0.0,0.0,0.0,0.0,0.0,0.0,0.0,0.0,0.0,0.0,0.0,0.0,0.0,0.0,0.0,0.0,0.0,0.0,0.0,0.0,0.0,0.0
Phase_II_D-Day_128_Support_Area,Medan_Air_Base,0.1420116816878705,0.3318692121938214,0.3896866508784137,0.34585923302314014,0.4936986206552674,0.30614051282638566,0.7698136936286967,0.2538191351012285,0.16777287960498072,0.29737186857990683,0.5248544622137796,0.38830694406445687,0.728152483585731,0.23631969983068665,0.39963429787119775,0.6349253161167379,0.6132997351921808,0.6195050754150343,0.2173723731213788,0.6796041783394083,0.7598953793979832,0.5123347618825513,0.6870570087239993,0.17010048295582472,0.34903684851069583,0.4714567897342399,0.5665452861634693,0.4456225745989477,0.5117620457682863,0.7060546520875545,0.0,0.0,0.0,0.0,0.0,0.0,0.0,0.0,0.0
Phase_II_D-Day_128_Support_Area,Pekanbaru_Air_Base,0.0,0.0,0.0,0.0,0.0,0.0,0.0,0.0,0.0,0.0,0.0,0.0,0.0,0.0,0.0,0.0,0.0,0.0,0.0,0.0,0.0,0.0,0.0,0.0,0.0,0.0,0.0,0.0,0.0,0.0,0.0,0.0,0.0,0.0,0.0,0.0,0.0,0.0,0.0
Phase_II_D-Day_128_Support_Area,Phase_I_128_Staging_Location,0.0,0.0,0.0,0.0,0.0,0.0,0.0,0.0,0.0,0.0,0.0,0.0,0.0,0.0,0.0,0.0,0.0,0.0,0.0,0.0,0.0,0.0,0.0,0.0,0.0,0.0,0.0,0.0,0.0,0.0,0.0,0.0,0.0,0.0,0.0,0.0,0.0,0.0,0.0
Phase_II_D-Day_128_Support_Area,Phase_I_313_Staging_Location,0.0,0.0,0.0,0.0,0.0,0.0,0.0,0.0,0.0,0.0,0.0,0.0,0.0,0.0,0.0,0.0,0.0,0.0,0.0,0.0,0.0,0.0,0.0,0.0,0.0,0.0,0.0,0.0,0.0,0.0,0.0,0.0,0.0,0.0,0.0,0.0,0.0,0.0,0.0
Phase_II_D-Day_128_Support_Area,Phase_I_328_Staging_Location,0.0,0.0,0.0,0.0,0.0,0.0,0.0,0.0,0.0,0.0,0.0,0.0,0.0,0.0,0.0,0.0,0.0,0.0,0.0,0.0,0.0,0.0,0.0,0.0,0.0,0.0,0.0,0.0,0.0,0.0,0.0,0.0,0.0,0.0,0.0,0.0,0.0,0.0,0.0
Phase_II_D-Day_128_Support_Area,Phase_II_D1_128__328_Supporting_Position,0.45880060904420583,0.29152633196830147,0.7140779500309418,0.7907177132028024,0.7179299185758223,0.7116090662268261,0.29401266685664756,0.5811891701384382,0.19714049276605766,0.11907148816524024,0.17706302698503498,0.2843734756999519,0.6158287168185519,0.426663275116565,0.6447512054873626,0.41838466891671167,0.4497806644714045,0.785237932107331,0.3089759949495876,0.5458264884017506,0.5165236594441553,0.20013538204276735,0.5151951704579032,0.31098943558549885,0.17199140826897913,0.6489737101775359,0.7825226754017511,0.14539883080347543,0.17527013809518757,0.5345722362214526,0.7187714480988597,0.31078911215435134,0.29221390422469873,0.29196603870361537,0.17714542643809994,0.12536641678133506,0.6595865028377812,0.5476988753966563,0.25592028090900776
Phase_II_D-Day_128_Support_Area,Phase_II_D1_PAA_3,0.7741220132106864,0.44684220438762,0.4458360152515206,0.3693272787241727,0.2723501636584385,0.7528827016312816,0.2571577751307725,0.38137678322677493,0.19865975453409285,0.5762675713088927,0.21523818202279854,0.1205490039084478,0.43291092830771183,0.7063011445357099,0.5851924481669375,0.4003985788103016,0.47331820471668473,0.6867257532133226,0.624154380777205,0.24012145181339808,0.4648537340717668,0.5057828062307419,0.46858713091162296,0.6496795115411006,0.733628485167546,0.7641818356527436,0.5563698203574424,0.443854775128556,0.19830906503200124,0.6624230676564156,0.2798068846171117,0.7544711470932601,0.6433865287862168,0.6892557915756025,0.34252421880032713,0.5228488418106276,0.1146401649074903,0.5618369316767944,0.29164616687899514
Phase_II_D-Day_128_Support_Area,Phase_II_D2_PAA4,0.12366562733817832,0.4263392156520125,0.38596708859396567,0.6332959068534326,0.38033179164550845,0.6300808333612906,0.3586069732368441,0.5290744701815121,0.2974931630963293,0.26425356339198697,0.5012929179453411,0.4381474083414473,0.12274581353715218,0.7016511959186167,0.7987291390369492,0.7492215891010929,0.17274117634756772,0.4270716042051783,0.23627138350674873,0.42261821634126573,0.31199932210319753,0.4498867101602425,0.5964846245956392,0.6332611498588363,0.18581961178733147,0.37491904186927394,0.598399611634602,0.7247930709716499,0.718021346708979,0.2506655861790146,0.202050618457462,0.6200519673774446,0.41316216813967854,0.36716058057036316,0.5236989976257997,0.7554230751723175,0.7542536555124827,0.12690677315894483,0.17099026435954684
Phase_II_D-Day_128_Support_Area,Phase_II_D3_PAA5,0.6930181920271286,0.7389618465520604,0.7838707122588409,0.34162195027575903,0.5247132641151943,0.601513251651849,0.5164637171850037,0.47385100212197073,0.36182482027932117,0.34089280645095654,0.6550585912283687,0.49961684984782373,0.17846726190565732,0.27446142806679447,0.776839408365291,0.636804141489123,0.5317759203489815,0.723753663259029,0.3804038003859167,0.7218073670046153,0.19532659874686364,0.44503716236283863,0.22877412425536128,0.5266653494689826,0.5431504537050218,0.27126385673728837,0.4083054275140675,0.24410047273062965,0.7482075857525695,0.11286279665861637,0.46015194843832596,0.758503111327406,0.7652312944196719,0.32606313013194077,0.3553972606920115,0.4876889990294242,0.6120868340777363,0.3643869885905088,0.22719354354999777
Phase_II_D-Day_128_Support_Area,Phase_II_Farp_2A,0.0,0.0,0.0,0.0,0.0,0.0,0.0,0.0,0.0,0.0,0.0,0.0,0.0,0.0,0.0,0.0,0.0,0.0,0.0,0.0,0.0,0.0,0.0,0.0,0.0,0.0,0.0,0.0,0.0,0.0,0.0,0.0,0.0,0.0,0.0,0.0,0.0,0.0,0.0
Phase_II_D-Day_128_Support_Area,Phase_II_PAA2,0.0,0.0,0.0,0.0,0.0,0.0,0.0,0.0,0.0,0.0,0.0,0.0,0.0,0.0,0.0,0.0,0.0,0.0,0.0,0.0,0.0,0.0,0.0,0.0,0.0,0.0,0.0,0.0,0.0,0.0,0.0,0.0,0.0,0.0,0.0,0.0,0.0,0.0,0.0
Phase_II_D-Day_128_Support_Area,Port_of_Belawan,0.0,0.0,0.0,0.0,0.0,0.0,0.0,0.0,0.0,0.0,0.0,0.0,0.0,0.0,0.0,0.0,0.0,0.0,0.0,0.0,0.0,0.0,0.0,0.0,0.0,0.0,0.0,0.0,0.0,0.0,0.0,0.0,0.0,0.0,0.0,0.0,0.0,0.0,0.0
Phase_II_D-Day_128_Support_Area,Sultan_Iskandar_Muda_Airport,0.0,0.0,0.0,0.0,0.0,0.0,0.0,0.0,0.0,0.0,0.0,0.0,0.0,0.0,0.0,0.0,0.0,0.0,0.0,0.0,0.0,0.0,0.0,0.0,0.0,0.0,0.0,0.0,0.0,0.0,0.0,0.0,0.0,0.0,0.0,0.0,0.0,0.0,0.0
Phase_II_Farp_2A,Banda_Aceh_Port,0.0,0.0,0.0,0.0,0.0,0.0,0.0,0.0,0.0,0.0,0.0,0.0,0.0,0.0,0.0,0.0,0.0,0.0,0.0,0.0,0.0,0.0,0.0,0.0,0.0,0.0,0.0,0.0,0.0,0.0,0.0,0.0,0.0,0.0,0.0,0.0,0.0,0.0,0.0
Phase_II_Farp_2A,Medan_Air_Base,0.14033464938781615,0.5243790045023102,0.14967322121103757,0.11446984759433733,0.6692870559447597,0.5388268487019295,0.7060812296485831,0.2973617990186489,0.6002811809468128,0.26188314449603767,0.1771097618690497,0.7401834959595889,0.10938144865444371,0.44047571878768954,0.23954853788160466,0.21112744670911401,0.5134059663420281,0.7336926652405674,0.5782615210588687,0.770171258545222,0.6996770940461539,0.12998758909617947,0.2826976905746429,0.5025070168049289,0.21665357348487213,0.456452005712603,0.6272857955353826,0.49579852186125484,0.4973231915235602,0.6039901709498499,0.0,0.0,0.0,0.0,0.0,0.0,0.0,0.0,0.0
Phase_II_Farp_2A,Pekanbaru_Air_Base,0.0,0.0,0.0,0.0,0.0,0.0,0.0,0.0,0.0,0.0,0.0,0.0,0.0,0.0,0.0,0.0,0.0,0.0,0.0,0.0,0.0,0.0,0.0,0.0,0.0,0.0,0.0,0.0,0.0,0.0,0.0,0.0,0.0,0.0,0.0,0.0,0.0,0.0,0.0
Phase_II_Farp_2A,Phase_I_128_Staging_Location,0.0,0.0,0.0,0.0,0.0,0.0,0.0,0.0,0.0,0.0,0.0,0.0,0.0,0.0,0.0,0.0,0.0,0.0,0.0,0.0,0.0,0.0,0.0,0.0,0.0,0.0,0.0,0.0,0.0,0.0,0.0,0.0,0.0,0.0,0.0,0.0,0.0,0.0,0.0
Phase_II_Farp_2A,Phase_I_313_Staging_Location,0.0,0.0,0.0,0.0,0.0,0.0,0.0,0.0,0.0,0.0,0.0,0.0,0.0,0.0,0.0,0.0,0.0,0.0,0.0,0.0,0.0,0.0,0.0,0.0,0.0,0.0,0.0,0.0,0.0,0.0,0.0,0.0,0.0,0.0,0.0,0.0,0.0,0.0,0.0
Phase_II_Farp_2A,Phase_I_328_Staging_Location,0.0,0.0,0.0,0.0,0.0,0.0,0.0,0.0,0.0,0.0,0.0,0.0,0.0,0.0,0.0,0.0,0.0,0.0,0.0,0.0,0.0,0.0,0.0,0.0,0.0,0.0,0.0,0.0,0.0,0.0,0.0,0.0,0.0,0.0,0.0,0.0,0.0,0.0,0.0
Phase_II_Farp_2A,Phase_II_D1_128__328_Supporting_Position,0.47763332549657433,0.3751897017882124,0.6591414862256991,0.7363255882858488,0.3809495667250281,0.6756161649795772,0.7911731291384732,0.15312770510513374,0.3345166789952375,0.5936436066513551,0.7490462923856044,0.6698235108932277,0.6995705296961553,0.24187347769792603,0.6791857788733359,0.2787264953205741,0.334060758237899,0.4506840220481738,0.2660632459716779,0.25539463012100294,0.1904597549022178,0.13631992027079765,0.5021005616644777,0.4772263200916277,0.4459709736128734,0.11260583507495929,0.6848175444762211,0.47169857299830964,0.3387170912362615,0.15490060930641614,0.33883255138299484,0.6961178010980649,0.12368472272589996,0.35325872975613903,0.3428356559436735,0.42653571796536427,0.6544966382875682,0.5521779665019928,0.23998174577494868
Phase_II_Farp_2A,Phase_II_D1_PAA_3,0.19700974244505648,0.13071177452293,0.4811636155936788,0.20578086084580788,0.6307263552495469,0.2288479736922631,0.5907150968292763,0.46060739611312873,0.5011715897596838,0.6037089643341633,0.5172688822715387,0.11406897195058772,0.2350402819572168,0.543868664347165,0.6276074007208129,0.549296312900162,0.7293338853304884,0.7060272730629432,0.12647973653078667,0.2500362317409536,0.6808799324647465,0.5825438596878317,0.19918107850982678,0.4930974129650372,0.34863086039166025,0.5726130340690093,0.4619432548318536,0.7228017652121539,0.4521607971974324,0.703880559705706,0.5827909369148844,0.19163716069413478,0.6757793491543723,0.6192864619245336,0.17733998284497537,0.5783104344979108,0.5422682997726427,0.16838418267533814,0.3068067805395488
Phase_II_Farp_2A,Phase_II_D2_PAA4,0.13562801123295057,0.3991330487829281,0.2368289913374785,0.5424627715781413,0.5911276019389122,0.22368789804184713,0.45380290799343803,0.6738992891462211,0.4929523707829516,0.6006468006894441,0.49909798532183824,0.538049232873803,0.7055207721341125,0.7405075795594843,0.19180196143878764,0.7370759029429192,0.2812242009519811,0.46332846671729955,0.21356841677913885,0.20515361847631922,0.6379562907233335,0.6145975365278652,0.4569782962802268,0.24758729685852562,0.5355695880204476,0.7344890263019556,0.19916331937104037,0.10348460791428943,0.5622478456907786,0.7644354945220845,0.36171011700832334,0.7739200288589807,0.5944974140514107,0.16295092691897842,0.4693810846169407,0.3837027627893208,0.13908020922295625,0.6261220809277604,0.5820789777021329
Phase_II_Farp_2A,Phase_II_D3_PAA5,0.10371865157721916,0.45865521137914234,0.4058813083530036,0.31921169494595214,0.4252929471184924,0.5170757942479097,0.6191651281997247,0.4024650768616419,0.6852932476826498,0.2924678760284956,0.540086709905011,0.4383069079585237,0.3404428000704114,0.17155111856652858,0.6527255912414291,0.31291414313836363,0.5622076920209687,0.5604374459497058,0.6713282865547687,0.5501351539075143,0.4082438935373023,0.7986360261442152,0.4894271422959092,0.45923587055056225,0.7602247604286989,0.6122583114980998,0.7269789259515876,0.18053547253282842,0.13454975981430523,0.45578150030805054,0.2916411784585368,0.5375318325574606,0.21692911629840472,0.47631950169007287,0.1971015302311677,0.3745687129550155,0.6382877411389808,0.264450843623529,0.5763720049662125
Phase_II_Farp_2A,Phase_II_D-Day_128_Support_Area,0.0,0.0,0.0,0.0,0.0,0.0,0.0,0.0,0.0,0.0,0.0,0.0,0.0,0.0,0.0,0.0,0.0,0.0,0.0,0.0,0.0,0.0,0.0,0.0,0.0,0.0,0.0,0.0,0.0,0.0,0.0,0.0,0.0,0.0,0.0,0.0,0.0,0.0,0.0
Phase_II_Farp_2A,Phase_II_PAA2,0.0,0.0,0.0,0.0,0.0,0.0,0.0,0.0,0.0,0.0,0.0,0.0,0.0,0.0,0.0,0.0,0.0,0.0,0.0,0.0,0.0,0.0,0.0,0.0,0.0,0.0,0.0,0.0,0.0,0.0,0.0,0.0,0.0,0.0,0.0,0.0,0.0,0.0,0.0
Phase_II_Farp_2A,Port_of_Belawan,0.0,0.0,0.0,0.0,0.0,0.0,0.0,0.0,0.0,0.0,0.0,0.0,0.0,0.0,0.0,0.0,0.0,0.0,0.0,0.0,0.0,0.0,0.0,0.0,0.0,0.0,0.0,0.0,0.0,0.0,0.0,0.0,0.0,0.0,0.0,0.0,0.0,0.0,0.0
Phase_II_Farp_2A,Sultan_Iskandar_Muda_Airport,0.0,0.0,0.0,0.0,0.0,0.0,0.0,0.0,0.0,0.0,0.0,0.0,0.0,0.0,0.0,0.0,0.0,0.0,0.0,0.0,0.0,0.0,0.0,0.0,0.0,0.0,0.0,0.0,0.0,0.0,0.0,0.0,0.0,0.0,0.0,0.0,0.0,0.0,0.0
Phase_II_PAA2,Banda_Aceh_Port,0.0,0.0,0.0,0.0,0.0,0.0,0.0,0.0,0.0,0.0,0.0,0.0,0.0,0.0,0.0,0.0,0.0,0.0,0.0,0.0,0.0,0.0,0.0,0.0,0.0,0.0,0.0,0.0,0.0,0.0,0.0,0.0,0.0,0.0,0.0,0.0,0.0,0.0,0.0
Phase_II_PAA2,Medan_Air_Base,0.18169460914750382,0.13462313181833058,0.4006575829951542,0.2267530481623721,0.7394715837423499,0.5025207345187104,0.46464406392153257,0.2603798033033856,0.7910617006071078,0.7389414825758645,0.16437017700163176,0.7613700821333111,0.21805931132632764,0.37459134053499543,0.2012648727554388,0.2602107825491886,0.36528723036139854,0.7830356826382551,0.6451606798860763,0.43809198993116005,0.45102485111134294,0.6717896688499627,0.2799042764425176,0.3886782966959128,0.48934132019467,0.7533769956099624,0.1639921052865262,0.3406815599550356,0.5459670557001455,0.4828205972749131,0.0,0.0,0.0,0.0,0.0,0.0,0.0,0.0,0.0
Phase_II_PAA2,Pekanbaru_Air_Base,0.0,0.0,0.0,0.0,0.0,0.0,0.0,0.0,0.0,0.0,0.0,0.0,0.0,0.0,0.0,0.0,0.0,0.0,0.0,0.0,0.0,0.0,0.0,0.0,0.0,0.0,0.0,0.0,0.0,0.0,0.0,0.0,0.0,0.0,0.0,0.0,0.0,0.0,0.0
Phase_II_PAA2,Phase_I_128_Staging_Location,0.0,0.0,0.0,0.0,0.0,0.0,0.0,0.0,0.0,0.0,0.0,0.0,0.0,0.0,0.0,0.0,0.0,0.0,0.0,0.0,0.0,0.0,0.0,0.0,0.0,0.0,0.0,0.0,0.0,0.0,0.0,0.0,0.0,0.0,0.0,0.0,0.0,0.0,0.0
Phase_II_PAA2,Phase_I_313_Staging_Location,0.0,0.0,0.0,0.0,0.0,0.0,0.0,0.0,0.0,0.0,0.0,0.0,0.0,0.0,0.0,0.0,0.0,0.0,0.0,0.0,0.0,0.0,0.0,0.0,0.0,0.0,0.0,0.0,0.0,0.0,0.0,0.0,0.0,0.0,0.0,0.0,0.0,0.0,0.0
Phase_II_PAA2,Phase_I_328_Staging_Location,0.0,0.0,0.0,0.0,0.0,0.0,0.0,0.0,0.0,0.0,0.0,0.0,0.0,0.0,0.0,0.0,0.0,0.0,0.0,0.0,0.0,0.0,0.0,0.0,0.0,0.0,0.0,0.0,0.0,0.0,0.0,0.0,0.0,0.0,0.0,0.0,0.0,0.0,0.0
Phase_II_PAA2,Phase_II_D1_128__328_Supporting_Position,0.7311786259141396,0.7295495797138225,0.7231784509578058,0.6159500462116627,0.26904856800443444,0.21222283791770874,0.2222965246690864,0.28565984729320065,0.27286658021215904,0.3983720162411407,0.7329205810119779,0.24180135418316842,0.18203986574495912,0.4218161807898916,0.3821126824238479,0.5990843585784646,0.40364126224988883,0.4975147427673492,0.27894789550461796,0.6355802076164131,0.3311613228275248,0.24762556694162374,0.1752233455595248,0.6020126494182959,0.5177098354280226,0.2267966460749801,0.735178167507015,0.14836146989163587,0.5584729982458102,0.7361063690900632,0.4319200183309656,0.5645653645116112,0.5023474186378083,0.2974506640280209,0.6087473134904068,0.31585781684021275,0.4109525158499925,0.6261047476423967,0.4798684165480679
Phase_II_PAA2,Phase_II_D1_PAA_3,0.33633865417626563,0.27616244476458385,0.29663748703445214,0.66521984844793,0.6279248610687455,0.7294165960737393,0.4884823097860177,0.24172008941614373,0.7772616414435116,0.2571843295089757,0.5433349038198162,0.1804350828469311,0.7349969682668615,0.7328744121868939,0.25479701141473726,0.1319549670515282,0.7240750538115164,0.31836724312660203,0.7756818806818688,0.5431142219019912,0.7006561677176009,0.4599508366018371,0.5392774801631872,0.6509009365602371,0.11461525490291476,0.1659340685973597,0.5211009715585296,0.1689780942492485,0.5042261077957056,0.39401606641042874,0.34276070424319904,0.45936609671366324,0.30975900760346775,0.1336963666389382,0.7679450684321187,0.37115225818475117,0.2340423634168187,0.26525805401936187,0.5984053022262934
Phase_II_PAA2,Phase_II_D2_PAA4,0.13106932680770125,0.32271698068788923,0.521090630061784,0.6193235152123283,0.5288864133926438,0.6774691479412515,0.7742263896950293,0.6250645633831103,0.20258760113237026,0.43220750647766504,0.23740133534126842,0.23680711764606863,0.577398722717504,0.1299231046176497,0.17570949965297442,0.7278886007237366,0.5779645807998113,0.25800452407550034,0.3653341600361597,0.7539520789625835,0.2028279835949659,0.7698594171171181,0.3802634245740816,0.5597171751761919,0.21653560930395688,0.5300249794804391,0.4579171106572075,0.5177449216603233,0.4734301443881468,0.22397547470823484,0.7688212525675642,0.14596330141995575,0.18797898048465703,0.2026906967648635,0.40156419890057926,0.19997546206106015,0.5832549315354086,0.2389305759639024,0.40779375514715965
Phase_II_PAA2,Phase_II_D3_PAA5,0.10921168374924062,0.5148203175025194,0.4856899191415498,0.6582347500217558,0.30424818422294664,0.3078759506754015,0.7233736092030357,0.3330697280507189,0.11696020421751031,0.7674062440387994,0.6560569209518303,0.13376256860067456,0.32740758363785666,0.351989447173798,0.6054185864187669,0.2379566107173738,0.5533807245546952,0.4192543656035409,0.7989850571680308,0.6056986324030433,0.5583421425852498,0.4700496622539374,0.7607099689393872,0.36172626346186043,0.1513202897909432,0.10252806072497249,0.6820162486159559,0.2385220449843481,0.4082793190347873,0.23815709319441422,0.6636189979462962,0.6229637965693667,0.113412250013487,0.6363965262781173,0.1004883019649124,0.587098278645886,0.18296392938623368,0.4343500857703193,0.1208272387986397
Phase_II_PAA2,Phase_II_D-Day_128_Support_Area,0.0,0.0,0.0,0.0,0.0,0.0,0.0,0.0,0.0,0.0,0.0,0.0,0.0,0.0,0.0,0.0,0.0,0.0,0.0,0.0,0.0,0.0,0.0,0.0,0.0,0.0,0.0,0.0,0.0,0.0,0.0,0.0,0.0,0.0,0.0,0.0,0.0,0.0,0.0
Phase_II_PAA2,Phase_II_Farp_2A,0.0,0.0,0.0,0.0,0.0,0.0,0.0,0.0,0.0,0.0,0.0,0.0,0.0,0.0,0.0,0.0,0.0,0.0,0.0,0.0,0.0,0.0,0.0,0.0,0.0,0.0,0.0,0.0,0.0,0.0,0.0,0.0,0.0,0.0,0.0,0.0,0.0,0.0,0.0
Phase_II_PAA2,Port_of_Belawan,0.0,0.0,0.0,0.0,0.0,0.0,0.0,0.0,0.0,0.0,0.0,0.0,0.0,0.0,0.0,0.0,0.0,0.0,0.0,0.0,0.0,0.0,0.0,0.0,0.0,0.0,0.0,0.0,0.0,0.0,0.0,0.0,0.0,0.0,0.0,0.0,0.0,0.0,0.0
Phase_II_PAA2,Sultan_Iskandar_Muda_Airport,0.0,0.0,0.0,0.0,0.0,0.0,0.0,0.0,0.0,0.0,0.0,0.0,0.0,0.0,0.0,0.0,0.0,0.0,0.0,0.0,0.0,0.0,0.0,0.0,0.0,0.0,0.0,0.0,0.0,0.0,0.0,0.0,0.0,0.0,0.0,0.0,0.0,0.0,0.0
Port_Teluk_Bayar,Medan_Air_Base,0.43532986150633834,0.6446805878586818,0.539474920727681,0.4733937473536848,0.37580024736574824,0.6010966116806492,0.24480450211382102,0.6471622159021865,0.7416750100784284,0.17081898951768246,0.7996412816282508,0.1858482585169105,0.2783522918577457,0.3723156087860101,0.559158017806895,0.3141888687440191,0.7968168534893598,0.13300430132886315,0.2652764857786084,0.1836878525103478,0.5187784856701483,0.5489030683079805,0.7973815398985291,0.3039806944385922,0.39820927759983415,0.3901231386045182,0.7019240270928127,0.733241375817122,0.6422758305543121,0.558692424107427,0.0,0.0,0.0,0.0,0.0,0.0,0.0,0.0,0.0
Port_Teluk_Bayar,Pekanbaru_Air_Base,0.0,0.0,0.0,0.0,0.0,0.0,0.0,0.0,0.0,0.0,0.0,0.0,0.0,0.0,0.0,0.0,0.0,0.0,0.0,0.0,0.0,0.0,0.0,0.0,0.0,0.0,0.0,0.0,0.0,0.0,0.0,0.0,0.0,0.0,0.0,0.0,0.0,0.0,0.0
Port_Teluk_Bayar,Phase_I__II_Recon_Deep_Staging_Location,0.22215978141594844,0.29240017589320944,0.2810800329861147,0.35990693536654694,0.16921808883335024,0.5117790340433109,0.6139572695542267,0.3114005379589144,0.7840326611930737,0.31971995596124125,0.31961448249293234,0.33298724174812927,0.22066099456803934,0.6804622804276613,0.5209339387122376,0.13947309535904034,0.16616125021462808,0.6974052398096756,0.48860684361137274,0.4607603409902642,0.46877830414609556,0.6014804369877603,0.47811271009954437,0.30712708417782386,0.2686274869289689,0.5579930496244496,0.11772527826222891,0.2678747426226665,0.13456801702297108,0.7524160782919432,0.0,0.0,0.0,0.0,0.0,0.0,0.0,0.0,0.0
Port_Teluk_Bayar,Phase_II_D3_PAA5,0.4730378431900708,0.15165819370071998,0.13772380922787764,0.4418522433710471,0.4260522856573724,0.5517700286871527,0.6987570921576457,0.676082720789795,0.5043282480907714,0.6028562796105097,0.6410791407505692,0.6070249352137647,0.6204618481202033,0.1997035526158903,0.5318344056436694,0.4566605958299149,0.2544249204484385,0.7848331153022803,0.31024948313642775,0.5652549080319457,0.4656945305677376,0.41137294187390383,0.7258853302022902,0.5606054101910453,0.7487832658948063,0.7839885303898663,0.5466831533917821,0.10545257688804469,0.11616666763144123,0.22049356182409546,0.22340834593524606,0.6845263531244495,0.747073296303117,0.472407370036656,0.17625460056538547,0.1379429941151116,0.7129553364867206,0.4525180201263661,0.453825607323181
Port_Teluk_Bayar,Port_of_Belawan,0.0,0.0,0.0,0.0,0.0,0.0,0.0,0.0,0.0,0.0,0.0,0.0,0.0,0.0,0.0,0.0,0.0,0.0,0.0,0.0,0.0,0.0,0.0,0.0,0.0,0.0,0.0,0.0,0.0,0.0,0.0,0.0,0.0,0.0,0.0,0.0,0.0,0.0,0.0
Port_of_Belawan,Banda_Aceh_Port,0.0,0.0,0.0,0.0,0.0,0.0,0.0,0.0,0.0,0.0,0.0,0.0,0.0,0.0,0.0,0.0,0.0,0.0,0.0,0.0,0.0,0.0,0.0,0.0,0.0,0.0,0.0,0.0,0.0,0.0,0.0,0.0,0.0,0.0,0.0,0.0,0.0,0.0,0.0
Port_of_Belawan,Medan_Air_Base,0.1441393842574492,0.6011927341204398,0.34588328511952837,0.5420759747284555,0.6991175864435196,0.15978480951872337,0.5622939627104311,0.47309328911823134,0.7061830551238435,0.6006626808466353,0.5249233392611184,0.23964693794262676,0.6585392558260309,0.1659874520732612,0.19294336884543434,0.7355882799804491,0.34308940013920913,0.6527471102704885,0.6662854660375228,0.7404836429875462,0.42871950450311624,0.6901851432574638,0.783797497870782,0.13433510868419674,0.28488352108498133,0.1592520740177245,0.6206243551635624,0.34611744670089095,0.41364873057750484,0.6576749710688552,0.0,0.0,0.0,0.0,0.0,0.0,0.0,0.0,0.0
Port_of_Belawan,Pekanbaru_Air_Base,0.0,0.0,0.0,0.0,0.0,0.0,0.0,0.0,0.0,0.0,0.0,0.0,0.0,0.0,0.0,0.0,0.0,0.0,0.0,0.0,0.0,0.0,0.0,0.0,0.0,0.0,0.0,0.0,0.0,0.0,0.0,0.0,0.0,0.0,0.0,0.0,0.0,0.0,0.0
Port_of_Belawan,Phase_I__II_Recon_Deep_Staging_Location,0.38648495723716547,0.6367478123624327,0.4745605293543277,0.33252646916887596,0.2951139476347291,0.5843508572410628,0.48293157519466967,0.33847155940397666,0.4986862116899451,0.3696243845665318,0.503845176711877,0.16247761461099375,0.2585670412313754,0.7447198859310575,0.20703599573970352,0.3158376741226104,0.7261381640161214,0.6756467145298051,0.5984874314607032,0.4264142181635001,0.4192377606076918,0.2987981266497133,0.6880766543415949,0.6651861891642541,0.1352738022119583,0.333035480209404,0.1734674903390751,0.10979483575334209,0.5610930424149815,0.7780421961666508,0.0,0.0,0.0,0.0,0.0,0.0,0.0,0.0,0.0
Port_of_Belawan,Phase_I_128_Staging_Location,0.0,0.0,0.0,0.0,0.0,0.0,0.0,0.0,0.0,0.0,0.0,0.0,0.0,0.0,0.0,0.0,0.0,0.0,0.0,0.0,0.0,0.0,0.0,0.0,0.0,0.0,0.0,0.0,0.0,0.0,0.0,0.0,0.0,0.0,0.0,0.0,0.0,0.0,0.0
Port_of_Belawan,Phase_I_313_Staging_Location,0.0,0.0,0.0,0.0,0.0,0.0,0.0,0.0,0.0,0.0,0.0,0.0,0.0,0.0,0.0,0.0,0.0,0.0,0.0,0.0,0.0,0.0,0.0,0.0,0.0,0.0,0.0,0.0,0.0,0.0,0.0,0.0,0.0,0.0,0.0,0.0,0.0,0.0,0.0
Port_of_Belawan,Phase_I_328_Staging_Location,0.0,0.0,0.0,0.0,0.0,0.0,0.0,0.0,0.0,0.0,0.0,0.0,0.0,0.0,0.0,0.0,0.0,0.0,0.0,0.0,0.0,0.0,0.0,0.0,0.0,0.0,0.0,0.0,0.0,0.0,0.0,0.0,0.0,0.0,0.0,0.0,0.0,0.0,0.0
Port_of_Belawan,Phase_II_D1_128__328_Supporting_Position,0.5581752325344788,0.4519021682525235,0.6566976771500437,0.45528785908021063,0.4015725037580483,0.123349905731651,0.10762797427465684,0.7887663864862412,0.6998833664394405,0.6080205654852463,0.23350587378023707,0.3278664530931007,0.7248481677025399,0.5939613192024501,0.67806436909076,0.4976765451683931,0.19562216987320968,0.18180377733428985,0.5043000697465528,0.13711298242878622,0.23063540600129598,0.7185419979322252,0.7109651984372036,0.738001301027741,0.797652868529044,0.23130675796826247,0.49238010312039093,0.5983620688488615,0.41104599144911946,0.250075454362998,0.39812997938977623,0.4351876295187782,0.26355640624245025,0.14266826708820676,0.34250793250187794,0.4238627891635971,0.4916896915627954,0.7851161401211272,0.6876352601800689
Port_of_Belawan,Phase_II_D1_PAA_3,0.6013577234882084,0.13285043506789979,0.7036647964045507,0.5134385110513777,0.7780903122407133,0.1876392923378282,0.4429331992883109,0.23412958885049115,0.1999939709148454,0.41829456912033125,0.187716035880178,0.6969608087041768,0.712092818091015,0.4047191096066983,0.6953179984786295,0.7595218156073449,0.4491301898338904,0.7247074488261134,0.5672138250689472,0.48394794831164123,0.20248930541770094,0.5789805788251449,0.7968929592342955,0.6769152000763154,0.7434762893777462,0.1215700206449048,0.6899597175154474,0.1003286812890488,0.37232075274646415,0.5017762297173991,0.7758738381958068,0.35092244677046147,0.24513890251984322,0.22927464544447598,0.25971476430917706,0.35815396983804715,0.6159222478802805,0.3394144596982217,0.6942982976350711
Port_of_Belawan,Phase_II_D2_PAA4,0.5541129980653738,0.2211321803553309,0.7997880179929286,0.7425909102128901,0.1247185249532455,0.4066717770242262,0.1812873090442889,0.6255519512565558,0.6787465204792955,0.15239123241727373,0.3140057251133962,0.11905601421475254,0.2708842441082625,0.4081315997840891,0.4649616141463273,0.4433835759702295,0.4289166439448756,0.13186129610691277,0.5646387132056058,0.4099925655853359,0.6690326081576029,0.41708193012196004,0.6362329472365229,0.5657604090400469,0.36569597801205844,0.4971161534477484,0.15952943783003248,0.5726304875510417,0.21219753207449388,0.6581573032098584,0.16218947730972375,0.1576399959521555,0.48821548145413907,0.4121771811001158,0.6341042840339375,0.5476462199349346,0.6375122700305441,0.4125897067156271,0.7341937910671061
Port_of_Belawan,Phase_II_D3_PAA5,0.4393375307952224,0.6366429574425101,0.39415689870170556,0.31367017146386683,0.4474470108370955,0.7185766587397527,0.20466306649300015,0.11461837110501638,0.2972652590299459,0.11395044706505118,0.2085229196329173,0.15908546325013018,0.6000017104583413,0.5892746412433691,0.49770789098820645,0.5709518823256388,0.17762828554509003,0.328150959864216,0.28867986539369533,0.4006531328805377,0.5217386899300425,0.6897491577489466,0.19334867246286502,0.49007240100074134,0.5021780224190977,0.766672059219891,0.17763487325408023,0.43143045123857304,0.5471147912264511,0.3054982701736947,0.7337031447389635,0.7343771061662118,0.6459017704093958,0.589234817814588,0.42804697800561375,0.19419246505399212,0.4065623562070264,0.2923931346486504,0.132965159059783
Port_of_Belawan,Phase_II_D-Day_128_Support_Area,0.0,0.0,0.0,0.0,0.0,0.0,0.0,0.0,0.0,0.0,0.0,0.0,0.0,0.0,0.0,0.0,0.0,0.0,0.0,0.0,0.0,0.0,0.0,0.0,0.0,0.0,0.0,0.0,0.0,0.0,0.0,0.0,0.0,0.0,0.0,0.0,0.0,0.0,0.0
Port_of_Belawan,Phase_II_Farp_2A,0.0,0.0,0.0,0.0,0.0,0.0,0.0,0.0,0.0,0.0,0.0,0.0,0.0,0.0,0.0,0.0,0.0,0.0,0.0,0.0,0.0,0.0,0.0,0.0,0.0,0.0,0.0,0.0,0.0,0.0,0.0,0.0,0.0,0.0,0.0,0.0,0.0,0.0,0.0
Port_of_Belawan,Phase_II_PAA2,0.0,0.0,0.0,0.0,0.0,0.0,0.0,0.0,0.0,0.0,0.0,0.0,0.0,0.0,0.0,0.0,0.0,0.0,0.0,0.0,0.0,0.0,0.0,0.0,0.0,0.0,0.0,0.0,0.0,0.0,0.0,0.0,0.0,0.0,0.0,0.0,0.0,0.0,0.0
Port_of_Belawan,Port_Teluk_Bayar,0.0,0.0,0.0,0.0,0.0,0.0,0.0,0.0,0.0,0.0,0.0,0.0,0.0,0.0,0.0,0.0,0.0,0.0,0.0,0.0,0.0,0.0,0.0,0.0,0.0,0.0,0.0,0.0,0.0,0.0,0.0,0.0,0.0,0.0,0.0,0.0,0.0,0.0,0.0
Port_of_Belawan,Sultan_Iskandar_Muda_Airport,0.0,0.0,0.0,0.0,0.0,0.0,0.0,0.0,0.0,0.0,0.0,0.0,0.0,0.0,0.0,0.0,0.0,0.0,0.0,0.0,0.0,0.0,0.0,0.0,0.0,0.0,0.0,0.0,0.0,0.0,0.0,0.0,0.0,0.0,0.0,0.0,0.0,0.0,0.0
Sultan_Iskandar_Muda_Airport,Banda_Aceh_Port,0.0,0.0,0.0,0.0,0.0,0.0,0.0,0.0,0.0,0.0,0.0,0.0,0.0,0.0,0.0,0.0,0.0,0.0,0.0,0.0,0.0,0.0,0.0,0.0,0.0,0.0,0.0,0.0,0.0,0.0,0.0,0.0,0.0,0.0,0.0,0.0,0.0,0.0,0.0
Sultan_Iskandar_Muda_Airport,Medan_Air_Base,0.2575312906065811,0.2643342374516625,0.7059450402613129,0.23208847171186558,0.5338662060081621,0.17310152358179132,0.5248833588906823,0.6184833604836336,0.14299682492681642,0.4421009766893399,0.20925743065994362,0.6257488868060389,0.22494363865189848,0.2990821420433629,0.39546307293341776,0.23025904933471672,0.6429139982696893,0.5419319849569437,0.6944448249552925,0.6080977366811952,0.3719466933239861,0.6560020670610281,0.7945997582506161,0.7134887333329468,0.4420130026840309,0.2092887480341286,0.7924771068701704,0.5359381493106022,0.6060164352051153,0.7551606024607971,0.0,0.0,0.0,0.0,0.0,0.0,0.0,0.0,0.0
Sultan_Iskandar_Muda_Airport,Pekanbaru_Air_Base,0.0,0.0,0.0,0.0,0.0,0.0,0.0,0.0,0.0,0.0,0.0,0.0,0.0,0.0,0.0,0.0,0.0,0.0,0.0,0.0,0.0,0.0,0.0,0.0,0.0,0.0,0.0,0.0,0.0,0.0,0.0,0.0,0.0,0.0,0.0,0.0,0.0,0.0,0.0
Sultan_Iskandar_Muda_Airport,Phase_I__II_Recon_Deep_Staging_Location,0.6901060456307198,0.13485748276441534,0.5927478286245765,0.6370551067637398,0.24271287589767745,0.7978812068041962,0.6484466645383636,0.7533994467642522,0.3989018980670388,0.6408611537500837,0.3389965470437781,0.6037717730371956,0.6121766519226172,0.7515651071212979,0.6654453774568901,0.3269027031828877,0.6907619863921978,0.340086774282236,0.3698859798927502,0.48448984671788675,0.21117732022936375,0.427893172059403,0.15352898472597368,0.1703197410167746,0.3727819270923233,0.4411252080150335,0.5165960484122916,0.549407396706207,0.44272585592500757,0.6119470625696611,0.0,0.0,0.0,0.0,0.0,0.0,0.0,0.0,0.0
Sultan_Iskandar_Muda_Airport,Phase_I_128_Staging_Location,0.0,0.0,0.0,0.0,0.0,0.0,0.0,0.0,0.0,0.0,0.0,0.0,0.0,0.0,0.0,0.0,0.0,0.0,0.0,0.0,0.0,0.0,0.0,0.0,0.0,0.0,0.0,0.0,0.0,0.0,0.0,0.0,0.0,0.0,0.0,0.0,0.0,0.0,0.0
Sultan_Iskandar_Muda_Airport,Phase_I_313_Staging_Location,0.0,0.0,0.0,0.0,0.0,0.0,0.0,0.0,0.0,0.0,0.0,0.0,0.0,0.0,0.0,0.0,0.0,0.0,0.0,0.0,0.0,0.0,0.0,0.0,0.0,0.0,0.0,0.0,0.0,0.0,0.0,0.0,0.0,0.0,0.0,0.0,0.0,0.0,0.0
Sultan_Iskandar_Muda_Airport,Phase_I_328_Staging_Location,0.0,0.0,0.0,0.0,0.0,0.0,0.0,0.0,0.0,0.0,0.0,0.0,0.0,0.0,0.0,0.0,0.0,0.0,0.0,0.0,0.0,0.0,0.0,0.0,0.0,0.0,0.0,0.0,0.0,0.0,0.0,0.0,0.0,0.0,0.0,0.0,0.0,0.0,0.0
Sultan_Iskandar_Muda_Airport,Phase_II_D1_128__328_Supporting_Position,0.7270534944905276,0.20783920023830232,0.6166333370523939,0.16830534538275616,0.5305475769427509,0.7274004008691891,0.5189326021373379,0.5628588040867407,0.5501858481052213,0.7753433118366897,0.7890290897092891,0.1895968079218887,0.44176018101700587,0.6208861667498387,0.2727101617136573,0.57915087238782,0.36424620675920405,0.2592228680789358,0.45403230653217586,0.7664205028505428,0.7537727216350125,0.7590531073265019,0.14392853406072714,0.24651744255651,0.5753676645314854,0.319407603522401,0.40930922684881377,0.3076772664320291,0.18657220251702322,0.5289935564968645,0.4391569717662638,0.6317741385948211,0.2348368335489124,0.68872439612929,0.6114745434521826,0.6239105017313139,0.1703733250816822,0.6692438763504462,0.3360921831966306
Sultan_Iskandar_Muda_Airport,Phase_II_D1_PAA_3,0.5116111257736065,0.7915337655745657,0.6113155784211756,0.22496463105541453,0.7632608638118814,0.2031032706450227,0.6933199334414282,0.6392063216329228,0.45825026391658796,0.33976781853148164,0.5385516525051889,0.5829752985601453,0.10567299844906053,0.1935637978827294,0.287727100209787,0.7025386183148229,0.15297985514863743,0.6457891202043267,0.5906838340987787,0.6267477845532455,0.2862916658524882,0.5691094866628862,0.38837719332541354,0.6088919013399935,0.6406885229842013,0.39463637257597506,0.7289900725525594,0.23688172649718192,0.644412329115427,0.7265428308329298,0.7455985271920073,0.16582352651623175,0.19258318517507603,0.49609103421538403,0.26079245936174744,0.45324399455973374,0.7111220984634721,0.48441593790932735,0.28008020228085706
Sultan_Iskandar_Muda_Airport,Phase_II_D2_PAA4,0.5337612970153658,0.400335284564196,0.5238410260404498,0.48418534774571054,0.23715799136328775,0.37229955747337706,0.44527873047974365,0.1239546467515743,0.41399783770675247,0.550854541177351,0.23290529027523715,0.235020627235519,0.49644914844508925,0.26433452654270473,0.7215621664642144,0.7396525746975811,0.16607072407885418,0.3949465148163712,0.49760965700794646,0.677966973519621,0.20984255619457065,0.5514770841012507,0.4094570246521354,0.10185772259979044,0.10266597442081604,0.2899821546589661,0.5825841565602616,0.24875175903548277,0.17022466285070348,0.2755737887089257,0.3793572244773824,0.5497675112556856,0.5494460619919959,0.6830036385498156,0.7870923100767631,0.3680812176990895,0.11276164165336462,0.7075561615723518,0.5727810422041708
Sultan_Iskandar_Muda_Airport,Phase_II_D3_PAA5,0.19668700456513286,0.44915205761297705,0.3060155107043685,0.6825298162500827,0.13976138500832816,0.4997304581901877,0.7048703448565952,0.6858426642934887,0.44468929386497136,0.6790591109481733,0.674867420328544,0.18493989719430043,0.3182232738739605,0.3951048252682843,0.5495699923969771,0.35755883474047423,0.7717826947333568,0.549701127959646,0.42561791756822964,0.6572599831196597,0.4299561598064947,0.1602383681446607,0.4132316535837842,0.22429747160298558,0.7642083956935872,0.1891301767395931,0.32490782659969963,0.5831149838590989,0.44461367790345774,0.5158980224330554,0.4282880623900237,0.762663240378793,0.6412046154917415,0.10281034491849005,0.6046031772525503,0.21305441990959423,0.5978332540955791,0.10730017370330264,0.38513723308509296
Sultan_Iskandar_Muda_Airport,Phase_II_D-Day_128_Support_Area,0.0,0.0,0.0,0.0,0.0,0.0,0.0,0.0,0.0,0.0,0.0,0.0,0.0,0.0,0.0,0.0,0.0,0.0,0.0,0.0,0.0,0.0,0.0,0.0,0.0,0.0,0.0,0.0,0.0,0.0,0.0,0.0,0.0,0.0,0.0,0.0,0.0,0.0,0.0
Sultan_Iskandar_Muda_Airport,Phase_II_Farp_2A,0.0,0.0,0.0,0.0,0.0,0.0,0.0,0.0,0.0,0.0,0.0,0.0,0.0,0.0,0.0,0.0,0.0,0.0,0.0,0.0,0.0,0.0,0.0,0.0,0.0,0.0,0.0,0.0,0.0,0.0,0.0,0.0,0.0,0.0,0.0,0.0,0.0,0.0,0.0
Sultan_Iskandar_Muda_Airport,Phase_II_PAA2,0.0,0.0,0.0,0.0,0.0,0.0,0.0,0.0,0.0,0.0,0.0,0.0,0.0,0.0,0.0,0.0,0.0,0.0,0.0,0.0,0.0,0.0,0.0,0.0,0.0,0.0,0.0,0.0,0.0,0.0,0.0,0.0,0.0,0.0,0.0,0.0,0.0,0.0,0.0
Sultan_Iskandar_Muda_Airport,Port_of_Belawan,0.0,0.0,0.0,0.0,0.0,0.0,0.0,0.0,0.0,0.0,0.0,0.0,0.0,0.0,0.0,0.0,0.0,0.0,0.0,0.0,0.0,0.0,0.0,0.0,0.0,0.0,0.0,0.0,0.0,0.0,0.0,0.0,0.0,0.0,0.0,0.0,0.0,0.0,0.0
